Date,Open,High,Low,Close,Adj Close,Volume,Moving Average,Daily Return AAPL,Trends
2022-01-12,176.1199951171875,177.17999267578125,174.82000732421875,175.52999877929688,173.54710388183594,74805200,0.0,0.0,low
2022-01-13,175.77999877929688,176.6199951171875,171.7899932861328,172.19000244140625,170.24484252929688,84505800,0.0,-3.339996337890625,negative
2022-01-14,171.33999633789062,173.77999877929688,171.08999633789062,173.07000732421875,171.11488342285156,80440800,0.0,0.8800048828125,low
2022-01-18,171.50999450683594,172.5399932861328,169.41000366210938,169.8000030517578,167.8818359375,90956700,0.0,-3.2700042724609375,negative
2022-01-19,170.0,171.0800018310547,165.94000244140625,166.22999572753906,164.35215759277344,94815000,171.36400146484374,-3.57000732421875,negative
2022-01-20,166.97999572753906,169.67999267578125,164.17999267578125,164.50999450683594,162.651611328125,91420500,169.16000061035157,-1.720001220703125,negative
2022-01-21,164.4199981689453,166.3300018310547,162.3000030517578,162.41000366210938,160.5753173828125,122848900,167.2040008544922,-2.0999908447265625,negative
2022-01-24,160.02000427246094,162.3000030517578,154.6999969482422,161.6199951171875,159.79421997070312,162294600,164.91399841308595,-0.790008544921875,negative
2022-01-25,158.97999572753906,162.75999450683594,157.02000427246094,159.77999877929688,157.97499084472656,115798400,162.90999755859374,-1.839996337890625,negative
2022-01-26,163.5,164.38999938964844,157.82000732421875,159.69000244140625,157.88604736328125,108275300,161.60199890136718,-0.089996337890625,negative
2022-01-27,162.4499969482422,163.83999633789062,158.27999877929688,159.22000122070312,157.4213409423828,121954600,160.54400024414062,-0.470001220703125,negative
2022-01-28,165.7100067138672,170.35000610351562,162.8000030517578,170.3300018310547,168.4058380126953,179935700,162.12799987792968,11.110000610351562,high
2022-01-31,170.16000366210938,175.0,169.50999450683594,174.77999877929688,172.80557250976562,115541600,164.76000061035157,4.4499969482421875,moderate
2022-02-01,174.00999450683594,174.83999633789062,172.30999755859375,174.61000061035156,172.63748168945312,86213900,167.7260009765625,-0.1699981689453125,negative
2022-02-02,174.75,175.8800048828125,173.3300018310547,175.83999633789062,173.8535919189453,84914300,170.95599975585938,1.2299957275390625,low
2022-02-03,174.47999572753906,176.24000549316406,172.1199951171875,172.89999389648438,170.94680786132812,89418100,173.69199829101564,-2.94000244140625,negative
2022-02-04,171.67999267578125,174.10000610351562,170.67999267578125,172.38999938964844,170.65972900390625,82465400,174.10399780273437,-0.5099945068359375,negative
2022-02-07,172.86000061035156,173.9499969482422,170.9499969482422,171.66000366210938,169.93707275390625,77251200,173.47999877929686,-0.7299957275390625,negative
2022-02-08,171.72999572753906,175.35000610351562,171.42999267578125,174.8300018310547,173.07522583007812,74829200,173.5239990234375,3.1699981689453125,moderate
2022-02-09,176.0500030517578,176.64999389648438,174.89999389648438,176.27999877929688,174.5106658935547,71285000,173.61199951171875,1.4499969482421875,low
2022-02-10,174.13999938964844,175.47999572753906,171.5500030517578,172.1199951171875,170.39242553710938,90865900,173.45599975585938,-4.160003662109375,negative
2022-02-11,172.3300018310547,173.0800018310547,168.0399932861328,168.63999938964844,166.94735717773438,98670700,172.70599975585938,-3.4799957275390625,negative
2022-02-14,167.3699951171875,169.5800018310547,166.55999755859375,168.8800048828125,167.18495178222656,86185500,172.15,0.2400054931640625,low
2022-02-15,170.97000122070312,172.9499969482422,170.25,172.7899932861328,171.05569458007812,62527400,171.74199829101562,3.9099884033203125,moderate
2022-02-16,171.85000610351562,173.33999633789062,170.0500030517578,172.5500030517578,170.818115234375,61177400,170.99599914550782,-0.239990234375,negative
2022-02-17,171.02999877929688,171.91000366210938,168.47000122070312,168.8800048828125,167.18495178222656,69589300,170.3480010986328,-3.6699981689453125,negative
2022-02-18,169.82000732421875,170.5399932861328,166.19000244140625,167.3000030517578,165.62081909179688,82772700,170.0800018310547,-1.5800018310546875,negative
2022-02-22,164.97999572753906,166.69000244140625,162.14999389648438,164.32000732421875,162.67074584960938,91162800,169.16800231933593,-2.9799957275390625,negative
2022-02-23,165.5399932861328,166.14999389648438,159.75,160.07000732421875,158.46339416503906,90009200,166.62400512695314,-4.25,negative
2022-02-24,152.5800018310547,162.85000610351562,152.0,162.74000549316406,161.1065673828125,141147500,164.66200561523436,2.6699981689453125,low
2022-02-25,163.83999633789062,165.1199951171875,160.8699951171875,164.85000610351562,163.19540405273438,91974200,163.856005859375,2.1100006103515625,low
2022-02-28,163.05999755859375,165.4199981689453,162.42999267578125,165.1199951171875,163.4626922607422,95056600,163.42000427246094,0.269989013671875,low
2022-03-01,164.6999969482422,166.60000610351562,161.97000122070312,163.1999969482422,161.5619659423828,83474400,163.1960021972656,-1.9199981689453125,negative
2022-03-02,164.38999938964844,167.36000061035156,162.9499969482422,166.55999755859375,164.88824462890625,79724800,164.49400024414064,3.3600006103515625,moderate
2022-03-03,168.47000122070312,168.91000366210938,165.5500030517578,166.22999572753906,164.56155395507812,76678400,165.19199829101564,-0.3300018310546875,negative
2022-03-04,164.49000549316406,165.5500030517578,162.10000610351562,163.1699981689453,161.53225708007812,83737200,164.85599670410156,-3.05999755859375,negative
2022-03-07,163.36000061035156,165.02000427246094,159.0399932861328,159.3000030517578,157.70111083984375,96418800,163.69199829101564,-3.8699951171875,negative
2022-03-08,158.82000732421875,162.8800048828125,155.8000030517578,157.44000244140625,155.85977172851562,131148300,162.53999938964844,-1.8600006103515625,negative
2022-03-09,161.47999572753906,163.41000366210938,159.41000366210938,162.9499969482422,161.314453125,91454900,161.81799926757813,5.5099945068359375,high
2022-03-10,160.1999969482422,160.38999938964844,155.97999572753906,158.52000427246094,156.92892456054688,105342000,160.2760009765625,-4.42999267578125,negative
2022-03-11,158.92999267578125,159.27999877929688,154.5,154.72999572753906,153.1769561767578,96970100,158.58800048828124,-3.790008544921875,negative
2022-03-14,151.4499969482422,154.1199951171875,150.10000610351562,150.6199951171875,149.10821533203125,108732100,156.85199890136718,-4.1100006103515625,negative
2022-03-15,150.89999389648438,155.57000732421875,150.3800048828125,155.08999633789062,153.5333709716797,92964300,156.38199768066406,4.470001220703125,moderate
2022-03-16,157.0500030517578,160.0,154.4600067138672,159.58999633789062,157.98818969726562,102300200,155.70999755859376,4.5,moderate
2022-03-17,158.61000061035156,161.0,157.6300048828125,160.6199951171875,159.00784301757812,75615400,156.12999572753907,1.029998779296875,low
2022-03-18,160.50999450683594,164.47999572753906,159.75999450683594,163.97999572753906,162.33413696289062,123511700,157.97999572753906,3.3600006103515625,moderate
2022-03-21,163.50999450683594,166.35000610351562,163.00999450683594,165.3800048828125,163.72007751464844,95811400,160.93199768066407,1.4000091552734375,low
2022-03-22,165.50999450683594,169.4199981689453,164.91000366210938,168.82000732421875,167.12557983398438,81532000,163.6779998779297,3.44000244140625,moderate
2022-03-23,167.99000549316406,172.63999938964844,167.64999389648438,170.2100067138672,168.50160217285156,98062700,165.802001953125,1.3899993896484375,low
2022-03-24,171.05999755859375,174.13999938964844,170.2100067138672,174.07000732421875,172.3228759765625,90131400,168.49200439453125,3.8600006103515625,moderate
2022-03-25,173.8800048828125,175.27999877929688,172.75,174.72000122070312,172.9663543701172,80546200,170.64000549316407,0.649993896484375,low
2022-03-28,172.1699981689453,175.72999572753906,172.0,175.60000610351562,173.8375244140625,90371900,172.6840057373047,0.8800048828125,low
2022-03-29,176.69000244140625,179.00999450683594,176.33999633789062,178.9600067138672,177.1637725830078,100589400,174.71200561523438,3.3600006103515625,moderate
2022-03-30,178.5500030517578,179.61000061035156,176.6999969482422,177.77000427246094,175.98573303222656,92633200,176.22400512695313,-1.19000244140625,negative
2022-03-31,177.83999633789062,178.02999877929688,174.39999389648438,174.61000061035156,172.85743713378906,103049300,176.33200378417968,-3.160003662109375,negative
2022-04-01,174.02999877929688,174.8800048828125,171.94000244140625,174.30999755859375,172.56045532226562,78751300,176.2500030517578,-0.3000030517578125,negative
2022-04-04,174.57000732421875,178.49000549316406,174.44000244140625,178.44000244140625,176.64901733398438,76468400,176.81800231933593,4.1300048828125,moderate
2022-04-05,177.5,178.3000030517578,174.4199981689453,175.05999755859375,173.30291748046875,73401800,176.03800048828126,-3.3800048828125,negative
2022-04-06,172.36000061035156,173.6300048828125,170.1300048828125,171.8300018310547,170.10533142089844,89058800,174.85,-3.2299957275390625,negative
2022-04-07,171.16000366210938,173.36000061035156,169.85000610351562,172.13999938964844,170.4122314453125,77594700,174.3559997558594,0.30999755859375,low
2022-04-08,171.77999877929688,171.77999877929688,169.1999969482422,170.08999633789062,168.38278198242188,76575500,173.51199951171876,-2.0500030517578125,negative
2022-04-11,168.7100067138672,169.02999877929688,165.5,165.75,164.08636474609375,72246700,170.9739990234375,-4.339996337890625,negative
2022-04-12,168.02000427246094,169.8699951171875,166.63999938964844,167.66000366210938,165.97718811035156,79265200,169.49400024414064,1.910003662109375,low
2022-04-13,167.38999938964844,171.0399932861328,166.77000427246094,170.39999389648438,168.689697265625,70618900,169.20799865722657,2.739990234375,low
2022-04-14,170.6199951171875,171.27000427246094,165.0399932861328,165.2899932861328,163.6309814453125,75329400,167.83799743652344,-5.1100006103515625,negative
2022-04-18,163.9199981689453,166.60000610351562,163.57000732421875,165.07000732421875,163.41319274902344,69023900,166.83399963378906,-0.2199859619140625,negative
2022-04-19,165.02000427246094,167.82000732421875,163.91000366210938,167.39999389648438,165.7197723388672,67723800,167.16399841308595,2.329986572265625,low
2022-04-20,168.75999450683594,168.8800048828125,166.10000610351562,167.22999572753906,165.55152893066406,67929800,167.07799682617187,-0.1699981689453125,negative
2022-04-21,168.91000366210938,171.52999877929688,165.91000366210938,166.4199981689453,164.74964904785156,87227800,166.28199768066406,-0.80999755859375,negative
2022-04-22,166.4600067138672,167.8699951171875,161.5,161.7899932861328,160.16612243652344,84882400,165.58199768066407,-4.6300048828125,negative
2022-04-25,161.1199951171875,163.1699981689453,158.4600067138672,162.8800048828125,161.24517822265625,96046400,165.1439971923828,1.0900115966796875,low
2022-04-26,162.25,162.33999633789062,156.72000122070312,156.8000030517578,155.22622680664062,95623200,163.0239990234375,-6.0800018310546875,negative
2022-04-27,155.91000366210938,159.7899932861328,155.3800048828125,156.57000732421875,154.99850463867188,88063200,160.89200134277343,-0.2299957275390625,negative
2022-04-28,159.25,164.52000427246094,158.92999267578125,163.63999938964844,161.99754333496094,130216800,160.33600158691405,7.0699920654296875,high
2022-04-29,161.83999633789062,166.1999969482422,157.25,157.64999389648438,156.06764221191406,131747600,159.50800170898438,-5.9900054931640625,negative
2022-05-02,156.7100067138672,158.22999572753906,153.27000427246094,157.9600067138672,156.3745574951172,123055300,158.5240020751953,0.3100128173828125,low
2022-05-03,158.14999389648438,160.7100067138672,156.32000732421875,159.47999572753906,157.87928771972656,88966500,159.06000061035155,1.519989013671875,low
2022-05-04,159.6699981689453,166.47999572753906,159.25999450683594,166.02000427246094,164.35366821289062,108256500,160.95,6.540008544921875,high
2022-05-05,163.85000610351562,164.0800018310547,154.9499969482422,156.77000427246094,155.1964874267578,130525300,159.5760009765625,-9.25,negative
2022-05-06,156.00999450683594,159.44000244140625,154.17999267578125,157.27999877929688,155.93014526367188,116124600,159.502001953125,0.5099945068359375,low
2022-05-09,154.92999267578125,155.8300018310547,151.49000549316406,152.05999755859375,150.75494384765625,131577900,158.3220001220703,-5.220001220703125,negative
2022-05-10,155.52000427246094,156.74000549316406,152.92999267578125,154.50999450683594,153.18389892578125,115366700,157.3279998779297,2.4499969482421875,low
2022-05-11,153.5,155.4499969482422,145.80999755859375,146.5,145.24267578125,142689800,153.4239990234375,-8.009994506835938,negative
2022-05-12,142.77000427246094,146.1999969482422,138.8000030517578,142.55999755859375,141.33648681640625,182602000,150.58199768066407,-3.94000244140625,negative
2022-05-13,144.58999633789062,148.10000610351562,143.11000061035156,147.11000061035156,145.84744262695312,113990900,148.547998046875,4.5500030517578125,moderate
2022-05-16,145.5500030517578,147.52000427246094,144.17999267578125,145.5399932861328,144.2908935546875,86643800,147.2439971923828,-1.57000732421875,negative
2022-05-17,148.86000061035156,149.77000427246094,146.67999267578125,149.24000549316406,147.95916748046875,78336300,146.18999938964845,3.70001220703125,moderate
2022-05-18,146.85000610351562,147.36000061035156,139.89999389648438,140.82000732421875,139.61143493652344,109742900,145.0540008544922,-8.419998168945312,negative
2022-05-19,139.8800048828125,141.66000366210938,136.60000610351562,137.35000610351562,136.17120361328125,136095600,144.01200256347656,-3.470001220703125,negative
2022-05-20,139.08999633789062,140.6999969482422,132.61000061035156,137.58999633789062,136.40914916992188,137426100,142.10800170898438,0.239990234375,low
2022-05-23,137.7899932861328,143.25999450683594,137.64999389648438,143.11000061035156,141.8817596435547,117726300,141.62200317382812,5.5200042724609375,high
2022-05-24,140.80999755859375,141.97000122070312,137.3300018310547,140.36000061035156,139.15536499023438,104132700,139.84600219726562,-2.75,negative
2022-05-25,138.42999267578125,141.7899932861328,138.33999633789062,140.52000427246094,139.31399536132812,92482700,139.78600158691407,0.160003662109375,low
2022-05-26,137.38999938964844,144.33999633789062,137.13999938964844,143.77999877929688,142.5460205078125,90601500,141.0720001220703,3.2599945068359375,moderate
2022-05-27,145.38999938964844,149.67999267578125,145.25999450683594,149.63999938964844,148.35572814941406,90978500,143.48200073242188,5.8600006103515625,high
2022-05-31,149.07000732421875,150.66000366210938,146.83999633789062,148.83999633789062,147.56259155273438,103718400,144.62799987792968,-0.8000030517578125,negative
2022-06-01,149.89999389648438,151.74000549316406,147.67999267578125,148.7100067138672,147.4337158203125,74286600,146.29800109863282,-0.1299896240234375,negative
2022-06-02,147.8300018310547,151.27000427246094,146.86000061035156,151.2100067138672,149.91224670410156,72348100,148.43600158691407,2.5,low
2022-06-03,146.89999389648438,147.97000122070312,144.4600067138672,145.3800048828125,144.13229370117188,88570300,148.7560028076172,-5.8300018310546875,negative
2022-06-06,147.02999877929688,148.57000732421875,144.89999389648438,146.13999938964844,144.88577270507812,71598400,148.05600280761718,0.7599945068359375,low
2022-06-07,144.35000610351562,149.0,144.10000610351562,148.7100067138672,147.4337158203125,67808200,148.0300048828125,2.57000732421875,low
2022-06-08,148.5800018310547,149.8699951171875,147.4600067138672,147.9600067138672,146.6901397705078,53950200,147.8800048828125,-0.75,negative
2022-06-09,147.0800018310547,147.9499969482422,142.52999877929688,142.63999938964844,141.4158172607422,69473000,146.16600341796874,-5.32000732421875,negative
2022-06-10,140.27999877929688,140.75999450683594,137.05999755859375,137.1300048828125,135.95309448242188,91437900,144.51600341796876,-5.5099945068359375,negative
2022-06-13,132.8699951171875,135.1999969482422,131.44000244140625,131.8800048828125,130.74813842773438,122207100,141.66400451660155,-5.25,negative
2022-06-14,133.1300048828125,133.88999938964844,131.47999572753906,132.75999450683594,131.62059020996094,84784300,138.4740020751953,0.8799896240234375,low
2022-06-15,134.2899932861328,137.33999633789062,132.16000366210938,135.42999267578125,134.26766967773438,91533000,135.96799926757814,2.6699981689453125,low
2022-06-16,132.0800018310547,132.38999938964844,129.0399932861328,130.05999755859375,128.94375610351562,108123900,133.45199890136718,-5.3699951171875,negative
2022-06-17,130.07000732421875,133.0800018310547,129.80999755859375,131.55999755859375,130.43087768554688,134520300,132.33799743652344,1.5,low
2022-06-21,133.4199981689453,137.05999755859375,133.32000732421875,135.8699951171875,134.70388793945312,81000500,133.13599548339843,4.30999755859375,moderate
2022-06-22,134.7899932861328,137.75999450683594,133.91000366210938,135.35000610351562,134.18838500976562,73409200,133.65399780273438,-0.519989013671875,negative
2022-06-23,136.82000732421875,138.58999633789062,135.6300048828125,138.27000427246094,137.08328247070312,72433800,134.2220001220703,2.9199981689453125,low
2022-06-24,139.89999389648438,141.91000366210938,139.77000427246094,141.66000366210938,140.44422912597656,89116800,136.54200134277343,3.3899993896484375,moderate
2022-06-27,142.6999969482422,143.49000549316406,140.97000122070312,141.66000366210938,140.44422912597656,70207900,138.56200256347657,0.0,low
2022-06-28,142.1300048828125,143.4199981689453,137.32000732421875,137.44000244140625,136.2604217529297,67083400,138.87600402832032,-4.220001220703125,negative
2022-06-29,137.4600067138672,140.6699981689453,136.6699981689453,139.22999572753906,138.03506469726562,66242400,139.652001953125,1.7899932861328125,low
2022-06-30,137.25,138.3699951171875,133.77000427246094,136.72000122070312,135.54660034179688,98964500,139.34200134277344,-2.5099945068359375,negative
2022-07-01,136.0399932861328,139.0399932861328,135.66000366210938,138.92999267578125,137.7376251220703,71051600,138.7959991455078,2.209991455078125,low
2022-07-05,137.77000427246094,141.61000061035156,136.92999267578125,141.55999755859375,140.34507751464844,73353800,138.7759979248047,2.6300048828125,low
2022-07-06,141.35000610351562,144.1199951171875,141.0800018310547,142.9199981689453,141.69337463378906,74064300,139.8719970703125,1.3600006103515625,low
2022-07-07,143.2899932861328,146.5500030517578,143.27999877929688,146.35000610351562,145.09396362304688,66253700,141.2959991455078,3.4300079345703125,moderate
2022-07-08,145.25999450683594,147.5500030517578,145.0,147.0399932861328,145.7780303955078,64547800,143.35999755859376,0.6899871826171875,low
2022-07-11,145.6699981689453,146.63999938964844,143.77999877929688,144.8699951171875,143.6266632080078,63141600,144.547998046875,-2.1699981689453125,negative
2022-07-12,145.75999450683594,148.4499969482422,145.0500030517578,145.86000061035156,144.60813903808594,77588800,145.40799865722656,0.9900054931640625,low
2022-07-13,142.99000549316406,146.4499969482422,142.1199951171875,145.49000549316406,144.2413330078125,71185600,145.9220001220703,-0.3699951171875,negative
2022-07-14,144.0800018310547,148.9499969482422,143.25,148.47000122070312,147.1957550048828,78140700,146.34599914550782,2.9799957275390625,low
2022-07-15,149.77999877929688,150.86000061035156,148.1999969482422,150.1699981689453,148.8811492919922,76259900,146.9720001220703,1.6999969482421875,low
2022-07-18,150.74000549316406,151.57000732421875,146.6999969482422,147.07000732421875,145.8077850341797,81420900,147.41200256347656,-3.0999908447265625,negative
2022-07-19,147.9199981689453,151.22999572753906,146.91000366210938,151.0,149.7040252685547,82982400,148.44000244140625,3.92999267578125,moderate
2022-07-20,151.1199951171875,153.72000122070312,150.3699951171875,153.0399932861328,151.7265167236328,64823400,149.95,2.0399932861328125,low
2022-07-21,154.5,155.57000732421875,151.94000244140625,155.35000610351562,154.01670837402344,65086600,151.3260009765625,2.3100128173828125,low
2022-07-22,155.38999938964844,156.27999877929688,153.41000366210938,154.08999633789062,152.76751708984375,66675400,152.11000061035156,-1.260009765625,negative
2022-07-25,154.00999450683594,155.0399932861328,152.27999877929688,152.9499969482422,151.63731384277344,53623900,153.28599853515624,-1.1399993896484375,negative
2022-07-26,152.25999450683594,153.08999633789062,150.8000030517578,151.60000610351562,150.2989044189453,55138700,153.40599975585937,-1.3499908447265625,negative
2022-07-27,152.5800018310547,157.3300018310547,152.16000366210938,156.7899932861328,155.44435119628906,78620700,154.15599975585937,5.1899871826171875,high
2022-07-28,156.97999572753906,157.63999938964844,154.41000366210938,157.35000610351562,155.9995574951172,81378700,154.55599975585938,0.5600128173828125,low
2022-07-29,161.24000549316406,163.6300048828125,159.5,162.50999450683594,161.11524963378906,101786900,156.23999938964843,5.1599884033203125,high
2022-08-01,161.00999450683594,163.58999633789062,160.88999938964844,161.50999450683594,160.1238250732422,67829400,157.95199890136718,-1.0,negative
2022-08-02,160.10000610351562,162.41000366210938,159.6300048828125,160.00999450683594,158.63670349121094,59907000,159.63399658203124,-1.5,negative
2022-08-03,160.83999633789062,166.58999633789062,160.75,166.1300048828125,164.70419311523438,82507500,161.5019989013672,6.1200103759765625,high
2022-08-04,166.00999450683594,167.19000244140625,164.42999267578125,165.80999755859375,164.38694763183594,55474100,163.19399719238282,-0.32000732421875,negative
2022-08-05,163.2100067138672,165.85000610351562,163.0,165.35000610351562,164.15859985351562,56697000,163.76199951171876,-0.459991455078125,negative
2022-08-08,166.3699951171875,167.80999755859375,164.1999969482422,164.8699951171875,163.6820526123047,60276900,164.43399963378906,-0.480010986328125,negative
2022-08-09,164.02000427246094,165.82000732421875,163.25,164.9199981689453,163.73167419433594,63135500,165.41600036621094,0.0500030517578125,low
2022-08-10,167.67999267578125,169.33999633789062,166.89999389648438,169.24000549316406,168.02056884765625,70170500,166.03800048828126,4.32000732421875,moderate
2022-08-11,170.05999755859375,170.99000549316406,168.19000244140625,168.49000549316406,167.27597045898438,57149200,166.57400207519532,-0.75,negative
2022-08-12,169.82000732421875,172.1699981689453,169.39999389648438,172.10000610351562,170.85995483398438,68039400,167.92400207519532,3.6100006103515625,moderate
2022-08-15,171.52000427246094,173.38999938964844,171.35000610351562,173.19000244140625,171.9420928955078,54091700,169.58800354003907,1.089996337890625,low
2022-08-16,172.77999877929688,173.7100067138672,171.66000366210938,173.02999877929688,171.7832489013672,56377100,171.2100036621094,-0.160003662109375,negative
2022-08-17,172.77000427246094,176.14999389648438,172.57000732421875,174.5500030517578,173.2923126220703,79542000,172.27200317382812,1.5200042724609375,low
2022-08-18,173.75,174.89999389648438,173.1199951171875,174.14999389648438,172.89517211914062,62290100,173.40400085449218,-0.4000091552734375,negative
2022-08-19,173.02999877929688,173.74000549316406,171.30999755859375,171.52000427246094,170.28414916992188,70346300,173.28800048828126,-2.6299896240234375,negative
2022-08-22,169.69000244140625,169.86000061035156,167.13999938964844,167.57000732421875,166.36260986328125,69026800,172.16400146484375,-3.9499969482421875,negative
2022-08-23,167.0800018310547,168.7100067138672,166.64999389648438,167.22999572753906,166.02505493164062,54147100,171.00400085449218,-0.3400115966796875,negative
2022-08-24,167.32000732421875,168.11000061035156,166.25,167.52999877929688,166.32289123535156,53841500,169.6,0.3000030517578125,low
2022-08-25,168.77999877929688,170.13999938964844,168.35000610351562,170.02999877929688,168.80487060546875,51218200,168.7760009765625,2.5,low
2022-08-26,170.57000732421875,171.0500030517578,163.55999755859375,163.6199951171875,162.44105529785156,78961000,167.1959991455078,-6.410003662109375,negative
2022-08-29,161.14999389648438,162.89999389648438,159.82000732421875,161.3800048828125,160.2172088623047,73314000,165.95799865722657,-2.239990234375,negative
2022-08-30,162.1300048828125,162.55999755859375,157.72000122070312,158.91000366210938,157.7650146484375,77906200,164.29400024414062,-2.470001220703125,negative
2022-08-31,160.30999755859375,160.5800018310547,157.13999938964844,157.22000122070312,156.08717346191406,87991100,162.23200073242188,-1.69000244140625,negative
2022-09-01,156.63999938964844,158.4199981689453,154.6699981689453,157.9600067138672,156.8218536376953,74229900,159.81800231933593,0.7400054931640625,low
2022-09-02,159.75,160.36000061035156,154.97000122070312,155.80999755859375,154.68731689453125,76957800,158.2560028076172,-2.1500091552734375,negative
2022-09-06,156.47000122070312,157.08999633789062,153.69000244140625,154.52999877929688,153.4165496826172,73714800,156.88600158691406,-1.279998779296875,negative
2022-09-07,154.82000732421875,156.6699981689453,153.61000061035156,155.9600067138672,154.8362579345703,87449600,156.29600219726564,1.4300079345703125,low
2022-09-08,154.63999938964844,156.36000061035156,152.67999267578125,154.4600067138672,153.34706115722656,84923800,155.74400329589844,-1.5,negative
2022-09-09,155.47000122070312,157.82000732421875,154.75,157.3699951171875,156.236083984375,68028800,155.6260009765625,2.9099884033203125,low
2022-09-12,159.58999633789062,164.25999450683594,159.3000030517578,163.42999267578125,162.25242614746094,104956000,157.15,6.05999755859375,high
2022-09-13,159.89999389648438,160.5399932861328,153.3699951171875,153.83999633789062,152.7315216064453,122656600,157.01199951171876,-9.589996337890625,negative
2022-09-14,154.7899932861328,157.10000610351562,153.61000061035156,155.30999755859375,154.19091796875,87965400,156.88199768066406,1.470001220703125,low
2022-09-15,154.64999389648438,155.24000549316406,151.3800048828125,152.3699951171875,151.27212524414062,90481100,156.46399536132813,-2.94000244140625,negative
2022-09-16,151.2100067138672,151.35000610351562,148.3699951171875,150.6999969482422,149.6141357421875,162278800,155.12999572753907,-1.6699981689453125,negative
2022-09-19,149.30999755859375,154.55999755859375,149.10000610351562,154.47999572753906,153.36688232421875,81474200,153.33999633789062,3.779998779296875,moderate
2022-09-20,153.39999389648438,158.0800018310547,153.0800018310547,156.89999389648438,155.7694854736328,107689800,153.95199584960938,2.4199981689453125,low
2022-09-21,157.33999633789062,158.74000549316406,153.60000610351562,153.72000122070312,152.61239624023438,101696800,153.63399658203124,-3.17999267578125,negative
2022-09-22,152.3800048828125,154.47000122070312,150.91000366210938,152.74000549316406,151.6394500732422,86652500,153.70799865722657,-0.9799957275390625,negative
2022-09-23,151.19000244140625,151.47000122070312,148.55999755859375,150.42999267578125,149.34608459472656,96029900,153.65399780273438,-2.3100128173828125,negative
2022-09-26,149.66000366210938,153.77000427246094,149.63999938964844,150.77000427246094,149.6836395263672,93339400,152.91199951171876,0.3400115966796875,low
2022-09-27,152.74000549316406,154.72000122070312,149.9499969482422,151.75999450683594,150.66651916503906,84442700,151.88399963378907,0.989990234375,low
2022-09-28,147.63999938964844,150.63999938964844,144.83999633789062,149.83999633789062,148.76034545898438,146691400,151.10799865722657,-1.9199981689453125,negative
2022-09-29,146.10000610351562,146.72000122070312,140.67999267578125,142.47999572753906,141.453369140625,128138200,149.05599670410157,-7.3600006103515625,negative
2022-09-30,141.27999877929688,143.10000610351562,138.0,138.1999969482422,137.20420837402344,124925300,146.60999755859376,-4.279998779296875,negative
2022-10-03,138.2100067138672,143.07000732421875,137.69000244140625,142.4499969482422,141.423583984375,114311700,144.94599609375,4.25,moderate
2022-10-04,145.02999877929688,146.22000122070312,144.25999450683594,146.10000610351562,145.0473175048828,87830100,143.81399841308593,3.6500091552734375,moderate
2022-10-05,144.07000732421875,147.3800048828125,143.00999450683594,146.39999389648438,145.34510803222656,79471000,143.1259979248047,0.29998779296875,low
2022-10-06,145.80999755859375,147.5399932861328,145.22000122070312,145.42999267578125,144.38211059570312,68402200,143.71599731445312,-0.970001220703125,negative
2022-10-07,142.5399932861328,143.10000610351562,139.4499969482422,140.08999633789062,139.0806121826172,85925600,144.0939971923828,-5.339996337890625,negative
2022-10-10,140.4199981689453,141.88999938964844,138.57000732421875,140.4199981689453,139.40821838378906,74899000,143.68799743652343,0.3300018310546875,low
2022-10-11,139.89999389648438,141.35000610351562,138.22000122070312,138.97999572753906,137.9785919189453,77033700,142.2639953613281,-1.44000244140625,negative
2022-10-12,139.1300048828125,140.36000061035156,138.16000366210938,138.33999633789062,137.34320068359375,70433700,140.65199584960936,-0.6399993896484375,negative
2022-10-13,134.99000549316406,143.58999633789062,134.3699951171875,142.99000549316406,141.95973205566406,113224000,140.16399841308595,4.6500091552734375,moderate
2022-10-14,144.30999755859375,144.52000427246094,138.19000244140625,138.3800048828125,137.38291931152344,88598000,139.8220001220703,-4.6100006103515625,negative
2022-10-17,141.07000732421875,142.89999389648438,140.27000427246094,142.41000366210938,141.38389587402344,85250900,140.22000122070312,4.029998779296875,moderate
2022-10-18,145.49000549316406,146.6999969482422,140.61000061035156,143.75,142.7142333984375,99136600,141.17400207519532,1.339996337890625,low
2022-10-19,141.69000244140625,144.9499969482422,141.5,143.86000061035156,142.8234405517578,61758300,142.2780029296875,0.1100006103515625,low
2022-10-20,143.02000427246094,145.88999938964844,142.64999389648438,143.38999938964844,142.35682678222656,64522000,142.35800170898438,-0.470001220703125,negative
2022-10-21,142.8699951171875,147.85000610351562,142.64999389648438,147.27000427246094,146.20887756347656,86548600,144.13600158691406,3.8800048828125,moderate
2022-10-24,147.19000244140625,150.22999572753906,146.0,149.4499969482422,148.37313842773438,75981900,145.54400024414062,2.17999267578125,low
2022-10-25,150.08999633789062,152.49000549316406,149.36000061035156,152.33999633789062,151.24232482910156,74732300,147.26199951171876,2.8899993896484375,low
2022-10-26,150.9600067138672,151.99000549316406,148.0399932861328,149.35000610351562,148.2738800048828,88194300,148.36000061035156,-2.989990234375,negative
2022-10-27,148.07000732421875,149.0500030517578,144.1300048828125,144.8000030517578,143.7566680908203,109180200,148.64200134277343,-4.5500030517578125,negative
2022-10-28,148.1999969482422,157.5,147.82000732421875,155.74000549316406,154.61785888671875,164762400,150.33600158691405,10.94000244140625,high
2022-10-31,153.16000366210938,154.24000549316406,151.9199981689453,153.33999633789062,152.235107421875,97943200,151.11400146484374,-2.4000091552734375,negative
2022-11-01,155.0800018310547,155.4499969482422,149.1300048828125,150.64999389648438,149.5644989013672,80379300,150.7760009765625,-2.69000244140625,negative
2022-11-02,148.9499969482422,152.1699981689453,145.0,145.02999877929688,143.98501586914062,93604600,149.91199951171876,-5.6199951171875,negative
2022-11-03,142.05999755859375,142.8000030517578,138.75,138.8800048828125,137.8793182373047,97918500,148.72799987792968,-6.149993896484375,negative
2022-11-04,142.08999633789062,142.6699981689453,134.3800048828125,138.3800048828125,137.61082458496094,140814800,145.25599975585936,-0.5,negative
2022-11-07,137.11000061035156,139.14999389648438,135.6699981689453,138.9199981689453,138.14781188964844,83374600,142.37200012207032,0.5399932861328125,low
2022-11-08,140.41000366210938,141.42999267578125,137.49000549316406,139.5,138.72459411621094,89908500,140.14200134277343,0.5800018310546875,low
2022-11-09,138.5,138.5500030517578,134.58999633789062,134.8699951171875,134.12033081054688,74917800,138.11000061035156,-4.6300048828125,negative
2022-11-10,141.24000549316406,146.8699951171875,139.5,146.8699951171875,146.0536346435547,118854000,139.70799865722657,12.0,high
2022-11-11,145.82000732421875,150.00999450683594,144.3699951171875,149.6999969482422,148.8678741455078,93979700,141.9719970703125,2.8300018310546875,low
2022-11-14,148.97000122070312,150.27999877929688,147.42999267578125,148.27999877929688,147.45578002929688,73374100,143.8439971923828,-1.4199981689453125,negative
2022-11-15,152.22000122070312,153.58999633789062,148.55999755859375,150.0399932861328,149.2060089111328,89868300,145.95199584960938,1.7599945068359375,low
2022-11-16,149.1300048828125,149.8699951171875,147.2899932861328,148.7899932861328,147.9629669189453,64218300,148.73599548339843,-1.25,negative
2022-11-17,146.42999267578125,151.47999572753906,146.14999389648438,150.72000122070312,149.8822479248047,80389400,149.50599670410156,1.9300079345703125,low
2022-11-18,152.30999755859375,152.6999969482422,149.97000122070312,151.2899932861328,150.44908142089844,74829600,149.8239959716797,0.5699920654296875,low
2022-11-21,150.16000366210938,150.3699951171875,147.72000122070312,148.00999450683594,147.18728637695312,58724100,149.7699951171875,-3.279998779296875,negative
2022-11-22,148.1300048828125,150.4199981689453,146.92999267578125,150.17999267578125,149.34521484375,51804100,149.7979949951172,2.1699981689453125,low
2022-11-23,149.4499969482422,151.8300018310547,149.33999633789062,151.07000732421875,150.2303009033203,58301400,150.25399780273438,0.8900146484375,low
2022-11-25,148.30999755859375,148.8800048828125,147.1199951171875,148.11000061035156,147.28672790527344,35195900,149.73199768066405,-2.9600067138671875,negative
2022-11-28,145.13999938964844,146.63999938964844,143.3800048828125,144.22000122070312,143.4183807373047,69246000,148.31799926757813,-3.8899993896484375,negative
2022-11-29,144.2899932861328,144.80999755859375,140.35000610351562,141.1699981689453,140.38531494140625,83763800,146.95,-3.0500030517578125,negative
2022-11-30,141.39999389648438,148.72000122070312,140.5500030517578,148.02999877929688,147.20716857910156,111380900,146.52000122070314,6.8600006103515625,high
2022-12-01,148.2100067138672,149.1300048828125,146.61000061035156,148.30999755859375,147.48562622070312,71250400,145.96799926757814,0.279998779296875,low
2022-12-02,145.9600067138672,148.0,145.64999389648438,147.80999755859375,146.9884033203125,65447400,145.90799865722656,-0.5,negative
2022-12-05,147.77000427246094,150.9199981689453,145.77000427246094,146.6300048828125,145.81497192382812,68826400,146.38999938964844,-1.17999267578125,negative
2022-12-06,147.07000732421875,147.3000030517578,141.9199981689453,142.91000366210938,142.1156463623047,64727200,146.73800048828124,-3.720001220703125,negative
2022-12-07,142.19000244140625,143.3699951171875,140.0,140.94000244140625,140.15660095214844,69721100,145.32000122070312,-1.970001220703125,negative
2022-12-08,142.36000061035156,143.52000427246094,141.10000610351562,142.64999389648438,141.85708618164062,62128300,144.18800048828126,1.709991455078125,low
2022-12-09,142.33999633789062,145.57000732421875,140.89999389648438,142.16000366210938,141.3698272705078,76097000,143.05800170898436,-0.489990234375,negative
2022-12-12,142.6999969482422,144.5,141.05999755859375,144.49000549316406,143.68685913085938,70462700,142.6300018310547,2.3300018310546875,low
2022-12-13,149.5,149.97000122070312,144.24000549316406,145.47000122070312,144.6614227294922,93886200,143.14200134277343,0.9799957275390625,low
2022-12-14,145.35000610351562,146.66000366210938,141.16000366210938,143.2100067138672,142.4139862060547,82291200,143.59600219726562,-2.2599945068359375,negative
2022-12-15,141.11000061035156,141.8000030517578,136.02999877929688,136.5,135.7412567138672,98931900,142.36600341796876,-6.7100067138671875,negative
2022-12-16,136.69000244140625,137.64999389648438,133.72999572753906,134.50999450683594,133.76231384277344,160156900,140.83600158691405,-1.9900054931640625,negative
2022-12-19,135.11000061035156,135.1999969482422,131.32000732421875,132.3699951171875,131.6342315673828,79592600,138.41199951171876,-2.1399993896484375,negative
2022-12-20,131.38999938964844,133.25,129.88999938964844,132.3000030517578,131.5646209716797,77432800,135.7779998779297,-0.0699920654296875,negative
2022-12-21,132.97999572753906,136.80999755859375,132.75,135.4499969482422,134.69711303710938,85928000,134.2259979248047,3.149993896484375,moderate
2022-12-22,134.35000610351562,134.55999755859375,130.3000030517578,132.22999572753906,131.4949951171875,77852100,133.3719970703125,-3.220001220703125,negative
2022-12-23,130.9199981689453,132.4199981689453,129.63999938964844,131.86000061035156,131.12705993652344,63814900,132.8419982910156,-0.3699951171875,negative
2022-12-27,131.3800048828125,131.41000366210938,128.72000122070312,130.02999877929688,129.3072509765625,69007800,132.3739990234375,-1.8300018310546875,negative
2022-12-28,129.6699981689453,131.02999877929688,125.87000274658203,126.04000091552734,125.33941650390625,85438400,131.12199859619142,-3.9899978637695312,negative
2022-12-29,127.98999786376953,130.47999572753906,127.7300033569336,129.61000061035156,128.8895721435547,75703700,129.9539993286133,3.5699996948242188,moderate
2022-12-30,128.41000366210938,129.9499969482422,127.43000030517578,129.92999267578125,129.20777893066406,77034200,129.4939987182617,0.3199920654296875,low
2023-01-03,130.27999877929688,130.89999389648438,124.16999816894531,125.06999969482422,124.37480163574219,112117500,128.13599853515626,-4.859992980957031,negative
2023-01-04,126.88999938964844,128.66000366210938,125.08000183105469,126.36000061035156,125.65763854980469,89113600,127.4019989013672,1.2900009155273438,low
2023-01-05,127.12999725341797,127.7699966430664,124.76000213623047,125.0199966430664,124.32508087158203,80962700,127.197998046875,-1.3400039672851562,negative
2023-01-06,126.01000213623047,130.2899932861328,124.88999938964844,129.6199951171875,128.89952087402344,87754700,127.19999694824219,4.599998474121094,moderate
2023-01-09,130.47000122070312,133.41000366210938,129.88999938964844,130.14999389648438,129.4265594482422,70790800,127.2439971923828,0.529998779296875,low
2023-01-10,130.25999450683594,131.25999450683594,128.1199951171875,130.72999572753906,130.0033416748047,63896200,128.3759963989258,0.5800018310546875,low
2023-01-11,131.25,133.50999450683594,130.4600067138672,133.49000549316406,132.7480010986328,69458900,129.80199737548827,2.760009765625,low
2023-01-12,133.8800048828125,134.25999450683594,131.44000244140625,133.41000366210938,132.66845703125,71379600,131.47999877929686,-0.0800018310546875,negative
2023-01-13,132.02999877929688,134.9199981689453,131.66000366210938,134.75999450683594,134.0109405517578,57809700,132.50799865722655,1.3499908447265625,low
2023-01-17,134.8300018310547,137.2899932861328,134.1300048828125,135.94000244140625,135.1843719482422,63646600,133.66600036621094,1.1800079345703125,low
2023-01-18,136.82000732421875,138.61000061035156,135.02999877929688,135.2100067138672,134.4584503173828,69672800,134.56200256347657,-0.7299957275390625,negative
2023-01-19,134.0800018310547,136.25,133.77000427246094,135.27000427246094,134.5181121826172,58280400,134.91800231933593,0.05999755859375,low
2023-01-20,135.27999877929688,138.02000427246094,134.22000122070312,137.8699951171875,137.10365295410156,80223600,135.81000061035155,2.5999908447265625,low
2023-01-23,138.1199951171875,143.32000732421875,137.89999389648438,141.11000061035156,140.32565307617188,81760300,137.0800018310547,3.2400054931640625,moderate
2023-01-24,140.30999755859375,143.16000366210938,140.3000030517578,142.52999877929688,141.7377471923828,66435100,138.39800109863282,1.4199981689453125,low
2023-01-25,140.88999938964844,142.42999267578125,138.80999755859375,141.86000061035156,141.07147216796875,65799300,139.72799987792968,-0.6699981689453125,negative
2023-01-26,143.1699981689453,144.25,141.89999389648438,143.9600067138672,143.15982055664062,54105100,141.46600036621095,2.100006103515625,low
2023-01-27,143.16000366210938,147.22999572753906,143.0800018310547,145.92999267578125,145.11883544921875,70555800,143.0779998779297,1.9699859619140625,low
2023-01-30,144.9600067138672,145.5500030517578,142.85000610351562,143.0,142.20513916015625,64015300,143.45599975585938,-2.92999267578125,negative
2023-01-31,142.6999969482422,144.33999633789062,142.27999877929688,144.2899932861328,143.4879608154297,65874500,143.80799865722656,1.2899932861328125,low
2023-02-01,143.97000122070312,146.61000061035156,141.32000732421875,145.42999267578125,144.62161254882812,77663600,144.5219970703125,1.1399993896484375,low
2023-02-02,148.89999389648438,151.17999267578125,148.1699981689453,150.82000732421875,149.981689453125,118339000,145.8939971923828,5.3900146484375,high
2023-02-03,148.02999877929688,157.3800048828125,147.8300018310547,154.5,153.64122009277344,154357300,147.60799865722657,3.67999267578125,moderate
2023-02-06,152.57000732421875,153.10000610351562,150.77999877929688,151.72999572753906,150.88662719726562,69858300,149.35399780273437,-2.7700042724609375,negative
2023-02-07,150.63999938964844,155.22999572753906,150.63999938964844,154.64999389648438,153.79039001464844,83322600,151.42599792480468,2.9199981689453125,low
2023-02-08,153.8800048828125,154.5800018310547,151.1699981689453,151.9199981689453,151.0755615234375,64120100,152.7239990234375,-2.7299957275390625,negative
2023-02-09,153.77999877929688,154.3300018310547,150.4199981689453,150.8699951171875,150.03140258789062,56007100,152.73399658203124,-1.0500030517578125,negative
2023-02-10,149.4600067138672,151.33999633789062,149.22000122070312,151.00999450683594,150.39990234375,57450700,152.03599548339844,0.1399993896484375,low
2023-02-13,150.9499969482422,154.25999450683594,150.9199981689453,153.85000610351562,153.2284393310547,62199000,152.45999755859376,2.8400115966796875,low
2023-02-14,152.1199951171875,153.77000427246094,150.86000061035156,153.1999969482422,152.5810546875,61707600,152.1699981689453,-0.6500091552734375,negative
2023-02-15,153.11000061035156,155.5,152.8800048828125,155.3300018310547,154.70245361328125,65573800,152.85199890136718,2.1300048828125,low
2023-02-16,153.50999450683594,156.3300018310547,153.35000610351562,153.7100067138672,153.08900451660156,68167900,153.4200012207031,-1.6199951171875,negative
2023-02-17,152.35000610351562,153.0,150.85000610351562,152.5500030517578,151.93368530273438,59144100,153.7280029296875,-1.160003662109375,negative
2023-02-21,150.1999969482422,151.3000030517578,148.41000366210938,148.47999572753906,147.880126953125,58867200,152.65400085449218,-4.07000732421875,negative
2023-02-22,148.8699951171875,149.9499969482422,147.16000366210938,148.91000366210938,148.3083953857422,51011300,151.79600219726564,0.4300079345703125,low
2023-02-23,150.08999633789062,150.33999633789062,147.24000549316406,149.39999389648438,148.79641723632812,48394200,150.61000061035156,0.489990234375,low
2023-02-24,147.11000061035156,147.19000244140625,145.72000122070312,146.7100067138672,146.11727905273438,55469600,149.21000061035156,-2.6899871826171875,negative
2023-02-27,147.7100067138672,149.1699981689453,147.4499969482422,147.9199981689453,147.3223876953125,44998500,148.28399963378905,1.209991455078125,low
2023-02-28,147.0500030517578,149.0800018310547,146.8300018310547,147.41000366210938,146.814453125,50547000,148.07000122070312,-0.5099945068359375,negative
2023-03-01,146.8300018310547,147.22999572753906,145.00999450683594,145.30999755859375,144.72293090820312,55479000,147.35,-2.100006103515625,negative
2023-03-02,144.3800048828125,146.7100067138672,143.89999389648438,145.91000366210938,145.3205108642578,52238100,146.652001953125,0.600006103515625,low
2023-03-03,148.0399932861328,151.11000061035156,147.3300018310547,151.02999877929688,150.41981506347656,70732300,147.51600036621093,5.1199951171875,high
2023-03-06,153.7899932861328,156.3000030517578,153.4600067138672,153.8300018310547,153.20851135253906,87558000,148.6980010986328,2.8000030517578125,low
2023-03-07,153.6999969482422,154.02999877929688,151.1300048828125,151.60000610351562,150.98753356933594,56182000,149.53600158691407,-2.2299957275390625,negative
2023-03-08,152.80999755859375,153.47000122070312,151.8300018310547,152.8699951171875,152.2523956298828,47204800,151.04800109863282,1.269989013671875,low
2023-03-09,153.55999755859375,154.5399932861328,150.22999572753906,150.58999633789062,149.98159790039062,53833600,151.98399963378907,-2.279998779296875,negative
2023-03-10,150.2100067138672,150.94000244140625,147.61000061035156,148.5,147.90003967285156,68572400,151.47799987792968,-2.089996337890625,negative
2023-03-13,147.80999755859375,153.13999938964844,147.6999969482422,150.47000122070312,149.86207580566406,84457100,150.80599975585938,1.970001220703125,low
2023-03-14,151.27999877929688,153.39999389648438,150.10000610351562,152.58999633789062,151.97352600097656,73695900,151.00399780273438,2.1199951171875,low
2023-03-15,151.19000244140625,153.25,149.9199981689453,152.99000549316406,152.3719024658203,77167900,151.0279998779297,0.4000091552734375,low
2023-03-16,152.16000366210938,156.4600067138672,151.63999938964844,155.85000610351562,155.22035217285156,76161100,152.0800018310547,2.8600006103515625,low
2023-03-17,156.0800018310547,156.74000549316406,154.27999877929688,155.0,154.373779296875,98944600,153.3800018310547,-0.850006103515625,negative
2023-03-20,155.07000732421875,157.82000732421875,154.14999389648438,157.39999389648438,156.76409912109375,73641400,154.76600036621093,2.399993896484375,low
2023-03-21,157.32000732421875,159.39999389648438,156.5399932861328,159.27999877929688,158.63648986816406,73938300,156.1040008544922,1.8800048828125,low
2023-03-22,159.3000030517578,162.13999938964844,157.80999755859375,157.8300018310547,157.19236755371094,75701800,157.0720001220703,-1.4499969482421875,negative
2023-03-23,158.8300018310547,161.5500030517578,157.67999267578125,158.92999267578125,158.28790283203125,67622100,157.68799743652343,1.0999908447265625,low
2023-03-24,158.86000061035156,160.33999633789062,157.85000610351562,160.25,159.60256958007812,59196500,158.73799743652344,1.32000732421875,low
2023-03-27,159.94000244140625,160.77000427246094,157.8699951171875,158.27999877929688,157.64053344726562,52390300,158.91399841308595,-1.970001220703125,negative
2023-03-28,157.97000122070312,158.49000549316406,155.97999572753906,157.64999389648438,157.01307678222656,45992200,158.58799743652344,-0.6300048828125,negative
2023-03-29,159.3699951171875,161.0500030517578,159.35000610351562,160.77000427246094,160.12049865722656,51305700,159.17599792480468,3.1200103759765625,moderate
2023-03-30,161.52999877929688,162.47000122070312,161.27000427246094,162.36000061035156,161.7040557861328,49501700,159.86199951171875,1.589996337890625,low
2023-03-31,162.44000244140625,165.0,161.91000366210938,164.89999389648438,164.23379516601562,68749800,160.79199829101563,2.5399932861328125,low
2023-04-03,164.27000427246094,166.2899932861328,164.22000122070312,166.1699981689453,165.49867248535156,56976200,162.3699981689453,1.2700042724609375,low
2023-04-04,166.60000610351562,166.83999633789062,165.11000061035156,165.6300048828125,164.96084594726562,46278300,163.96600036621095,-0.5399932861328125,negative
2023-04-05,164.74000549316406,165.0500030517578,161.8000030517578,163.75999450683594,163.098388671875,51511700,164.56399841308593,-1.8700103759765625,negative
2023-04-06,162.42999267578125,164.9600067138672,162.0,164.66000366210938,163.99476623535156,45390100,165.0239990234375,0.9000091552734375,low
2023-04-10,161.4199981689453,162.02999877929688,160.0800018310547,162.02999877929688,161.37538146972656,47716900,164.45,-2.6300048828125,negative
2023-04-11,162.35000610351562,162.36000061035156,160.50999450683594,160.8000030517578,160.15036010742188,47644200,163.3760009765625,-1.2299957275390625,negative
2023-04-12,161.22000122070312,162.05999755859375,159.77999877929688,160.10000610351562,159.45318603515625,50133100,162.27000122070314,-0.6999969482421875,negative
2023-04-13,161.6300048828125,165.8000030517578,161.4199981689453,165.55999755859375,164.89111328125,68445600,162.6300018310547,5.459991455078125,high
2023-04-14,164.58999633789062,166.32000732421875,163.82000732421875,165.2100067138672,164.54254150390625,49386500,162.74000244140626,-0.3499908447265625,negative
2023-04-17,165.08999633789062,165.38999938964844,164.02999877929688,165.22999572753906,164.5624542236328,41516200,163.3800018310547,0.019989013671875,low
2023-04-18,166.10000610351562,167.41000366210938,165.64999389648438,166.47000122070312,165.79745483398438,49923000,164.51400146484374,1.2400054931640625,low
2023-04-19,165.8000030517578,168.16000366210938,165.5399932861328,167.6300048828125,166.95277404785156,47720200,166.02000122070314,1.160003662109375,low
2023-04-20,166.08999633789062,167.8699951171875,165.55999755859375,166.64999389648438,165.97669982910156,52456400,166.23800048828124,-0.980010986328125,negative
2023-04-21,165.0500030517578,166.4499969482422,164.49000549316406,165.02000427246094,164.3533172607422,58337300,166.2,-1.6299896240234375,negative
2023-04-24,165.0,165.60000610351562,163.88999938964844,165.3300018310547,164.6620635986328,41949600,166.22000122070312,0.30999755859375,low
2023-04-25,165.19000244140625,166.30999755859375,163.72999572753906,163.77000427246094,163.1083526611328,48714100,165.68000183105468,-1.55999755859375,negative
2023-04-26,163.05999755859375,165.27999877929688,162.8000030517578,163.75999450683594,163.098388671875,45498800,164.90599975585937,-0.010009765625,negative
2023-04-27,165.19000244140625,168.55999755859375,165.19000244140625,168.41000366210938,167.7296142578125,64902300,165.25800170898438,4.6500091552734375,moderate
2023-04-28,168.49000549316406,169.85000610351562,167.8800048828125,169.67999267578125,168.9944610595703,55209200,166.18999938964845,1.269989013671875,low
2023-05-01,169.27999877929688,170.4499969482422,168.63999938964844,169.58999633789062,168.9048309326172,52472900,167.04199829101563,-0.089996337890625,negative
2023-05-02,170.08999633789062,170.35000610351562,167.5399932861328,168.5399932861328,167.85906982421875,48425700,167.99599609375,-1.0500030517578125,negative
2023-05-03,169.5,170.9199981689453,167.16000366210938,167.4499969482422,166.7734832763672,65136000,168.73399658203124,-1.089996337890625,negative
2023-05-04,164.88999938964844,167.0399932861328,164.30999755859375,165.7899932861328,165.12017822265625,81235400,168.20999450683593,-1.660003662109375,negative
2023-05-05,170.97999572753906,174.3000030517578,170.75999450683594,173.57000732421875,172.86875915527344,113316400,168.98799743652344,7.7800140380859375,high
2023-05-08,172.47999572753906,173.85000610351562,172.11000061035156,173.5,172.79904174804688,55962800,169.7699981689453,-0.07000732421875,negative
2023-05-09,173.0500030517578,173.5399932861328,171.60000610351562,171.77000427246094,171.07603454589844,45326900,170.41600036621094,-1.7299957275390625,negative
2023-05-10,173.02000427246094,174.02999877929688,171.89999389648438,173.55999755859375,172.85879516601562,53724500,171.63800048828125,1.7899932861328125,low
2023-05-11,173.85000610351562,174.58999633789062,172.1699981689453,173.75,173.0480499267578,49514700,173.2300018310547,0.19000244140625,low
2023-05-12,173.6199951171875,174.05999755859375,171.0,172.57000732421875,172.1105499267578,45497800,173.03000183105468,-1.17999267578125,negative
2023-05-15,173.16000366210938,173.2100067138672,171.47000122070312,172.07000732421875,171.61187744140625,37266700,172.74400329589844,-0.5,negative
2023-05-16,171.99000549316406,173.13999938964844,171.8000030517578,172.07000732421875,171.61187744140625,42110300,172.80400390625,0.0,low
2023-05-17,171.7100067138672,172.92999267578125,170.4199981689453,172.69000244140625,172.230224609375,57951600,172.6300048828125,0.6199951171875,low
2023-05-18,173.0,175.24000549316406,172.5800018310547,175.0500030517578,174.5839385986328,65496700,172.89000549316407,2.3600006103515625,low
2023-05-19,176.38999938964844,176.38999938964844,174.94000244140625,175.16000366210938,174.6936492919922,55772400,173.4080047607422,0.1100006103515625,low
2023-05-22,173.97999572753906,174.7100067138672,173.4499969482422,174.1999969482422,173.73619079589844,43570900,173.83400268554686,-0.9600067138671875,negative
2023-05-23,173.1300048828125,173.3800048828125,171.27999877929688,171.55999755859375,171.1032257080078,50747300,173.73200073242188,-2.6399993896484375,negative
2023-05-24,171.08999633789062,172.4199981689453,170.52000427246094,171.83999633789062,171.38247680664062,45143500,173.56199951171874,0.279998779296875,low
2023-05-25,172.41000366210938,173.89999389648438,171.69000244140625,172.99000549316406,172.5294189453125,56058300,173.15,1.1500091552734375,low
2023-05-26,173.32000732421875,175.77000427246094,173.11000061035156,175.42999267578125,174.96290588378906,54835000,173.20399780273436,2.4399871826171875,low
2023-05-30,176.9600067138672,178.99000549316406,176.57000732421875,177.3000030517578,176.82794189453125,55964400,173.8239990234375,1.8700103759765625,low
2023-05-31,177.3300018310547,179.35000610351562,176.75999450683594,177.25,176.77806091308594,99625300,174.96199951171874,-0.0500030517578125,negative
2023-06-01,177.6999969482422,180.1199951171875,176.92999267578125,180.08999633789062,179.61050415039062,68901800,176.61199951171875,2.839996337890625,low
2023-06-02,181.02999877929688,181.77999877929688,179.25999450683594,180.9499969482422,180.4682159423828,61945900,178.20399780273436,0.8600006103515625,low
2023-06-05,182.6300048828125,184.9499969482422,178.0399932861328,179.5800018310547,179.10186767578125,121946500,179.03399963378905,-1.3699951171875,negative
2023-06-06,179.97000122070312,180.1199951171875,177.42999267578125,179.2100067138672,178.73284912109375,64848400,179.41600036621094,-0.3699951171875,negative
2023-06-07,178.44000244140625,181.2100067138672,177.32000732421875,177.82000732421875,177.3465576171875,61944600,179.53000183105468,-1.3899993896484375,negative
2023-06-08,177.89999389648438,180.83999633789062,177.4600067138672,180.57000732421875,180.0892333984375,50214900,179.62600402832032,2.75,low
2023-06-09,181.5,182.22999572753906,180.6300048828125,180.9600067138672,180.4781951904297,48870700,179.6280059814453,0.3899993896484375,low
2023-06-12,181.27000427246094,183.88999938964844,180.97000122070312,183.7899932861328,183.30064392089844,54274900,180.47000427246093,2.829986572265625,low
2023-06-13,182.8000030517578,184.14999389648438,182.44000244140625,183.30999755859375,182.8219451904297,54929100,181.29000244140624,-0.4799957275390625,negative
2023-06-14,183.3699951171875,184.38999938964844,182.02000427246094,183.9499969482422,183.46023559570312,57462900,182.51600036621093,0.6399993896484375,low
2023-06-15,183.9600067138672,186.52000427246094,183.77999877929688,186.00999450683594,185.51473999023438,65433200,183.60399780273437,2.05999755859375,low
2023-06-16,186.72999572753906,186.99000549316406,184.27000427246094,184.9199981689453,184.42764282226562,101235600,184.39599609375,-1.089996337890625,negative
2023-06-20,184.41000366210938,186.10000610351562,184.41000366210938,185.00999450683594,184.5174102783203,49799100,184.63999633789064,0.089996337890625,low
2023-06-21,184.89999389648438,185.41000366210938,182.58999633789062,183.9600067138672,183.47021484375,49515700,184.7699981689453,-1.04998779296875,negative
2023-06-22,183.74000549316406,187.0500030517578,183.6699981689453,187.0,186.5021209716797,51245300,185.37999877929687,3.0399932861328125,moderate
2023-06-23,185.5500030517578,187.55999755859375,185.00999450683594,186.67999267578125,186.18295288085938,53079300,185.51399841308594,-0.32000732421875,negative
2023-06-26,186.8300018310547,188.0500030517578,185.22999572753906,185.27000427246094,184.7767333984375,48088700,185.58399963378906,-1.4099884033203125,negative
2023-06-27,185.88999938964844,188.38999938964844,185.6699981689453,188.05999755859375,187.5592803955078,50730800,186.19400024414062,2.7899932861328125,low
2023-06-28,187.92999267578125,189.89999389648438,187.60000610351562,189.25,188.74612426757812,51216800,187.2519989013672,1.19000244140625,low
2023-06-29,189.0800018310547,190.07000732421875,188.94000244140625,189.58999633789062,189.085205078125,46347300,187.7699981689453,0.339996337890625,low
2023-06-30,191.6300048828125,194.47999572753906,191.25999450683594,193.97000122070312,193.4535675048828,85069600,189.22799987792968,4.3800048828125,moderate
2023-07-03,193.77999877929688,193.8800048828125,191.75999450683594,192.4600067138672,191.9475860595703,31458200,190.66600036621094,-1.5099945068359375,negative
2023-07-05,191.57000732421875,192.97999572753906,190.6199951171875,191.3300018310547,190.82058715820312,46920300,191.32000122070312,-1.1300048828125,negative
2023-07-06,189.83999633789062,192.02000427246094,189.1999969482422,191.80999755859375,191.29930114746094,45094300,191.83200073242188,0.4799957275390625,low
2023-07-07,191.41000366210938,192.6699981689453,190.24000549316406,190.67999267578125,190.17230224609375,46778000,192.05,-1.1300048828125,negative
2023-07-10,189.25999450683594,189.99000549316406,187.0399932861328,188.61000061035156,188.1078338623047,59922200,190.97799987792968,-2.0699920654296875,negative
2023-07-11,189.16000366210938,189.3000030517578,186.60000610351562,188.0800018310547,187.57925415039062,46638100,190.10199890136718,-0.529998779296875,negative
2023-07-12,189.67999267578125,191.6999969482422,188.47000122070312,189.77000427246094,189.26473999023438,60750200,189.78999938964844,1.69000244140625,low
2023-07-13,190.5,191.19000244140625,189.77999877929688,190.5399932861328,190.0326690673828,41342300,189.53599853515624,0.769989013671875,low
2023-07-14,190.22999572753906,191.17999267578125,189.6300048828125,190.69000244140625,190.18228149414062,41573900,189.53800048828126,0.1500091552734375,low
2023-07-17,191.89999389648438,194.32000732421875,191.80999755859375,193.99000549316406,193.4735107421875,50520200,190.61400146484374,3.3000030517578125,moderate
2023-07-18,193.35000610351562,194.3300018310547,192.4199981689453,193.72999572753906,193.2141876220703,48353800,191.74400024414064,-0.260009765625,negative
2023-07-19,193.10000610351562,198.22999572753906,192.64999389648438,195.10000610351562,194.58055114746094,80507300,192.81000061035155,1.3700103759765625,low
2023-07-20,195.08999633789062,196.47000122070312,192.5,193.1300048828125,192.6157989501953,59581200,193.3280029296875,-1.970001220703125,negative
2023-07-21,194.10000610351562,194.97000122070312,191.22999572753906,191.94000244140625,191.42897033691406,71917800,193.5780029296875,-1.19000244140625,negative
2023-07-24,193.41000366210938,194.91000366210938,192.25,192.75,192.23680114746094,45377800,193.3300018310547,0.80999755859375,low
2023-07-25,193.3300018310547,194.44000244140625,192.9199981689453,193.6199951171875,193.1044921875,37283200,193.30800170898436,0.8699951171875,low
2023-07-26,193.6699981689453,195.63999938964844,193.32000732421875,194.5,193.98214721679688,47471900,193.18800048828126,0.8800048828125,low
2023-07-27,196.02000427246094,197.1999969482422,192.5500030517578,193.22000122070312,192.70555114746094,47460200,193.20599975585938,-1.279998779296875,negative
2023-07-28,194.6699981689453,196.6300048828125,194.13999938964844,195.8300018310547,195.30860900878906,48291400,193.98399963378907,2.6100006103515625,low
2023-07-31,196.05999755859375,196.49000549316406,195.25999450683594,196.4499969482422,195.9269561767578,38824100,194.7239990234375,0.6199951171875,low
2023-08-01,196.24000549316406,196.72999572753906,195.27999877929688,195.61000061035156,195.0891876220703,35175100,195.12200012207032,-0.839996337890625,negative
2023-08-02,195.0399932861328,195.17999267578125,191.85000610351562,192.5800018310547,192.06724548339844,50389300,194.73800048828124,-3.029998779296875,negative
2023-08-03,191.57000732421875,192.3699951171875,190.69000244140625,191.1699981689453,190.6610107421875,61235200,194.3279998779297,-1.410003662109375,negative
2023-08-04,185.52000427246094,187.3800048828125,181.9199981689453,181.99000549316406,181.50546264648438,115799700,191.56000061035155,-9.17999267578125,negative
2023-08-07,182.1300048828125,183.1300048828125,177.35000610351562,178.85000610351562,178.37380981445312,97576100,188.04000244140624,-3.1399993896484375,negative
2023-08-08,179.69000244140625,180.27000427246094,177.5800018310547,179.8000030517578,179.32127380371094,67823000,184.8780029296875,0.9499969482421875,low
2023-08-09,180.8699951171875,180.92999267578125,177.00999450683594,178.19000244140625,177.71556091308594,60378500,182.0000030517578,-1.6100006103515625,negative
2023-08-10,179.47999572753906,180.75,177.60000610351562,177.97000122070312,177.49615478515625,54686900,179.36000366210936,-0.220001220703125,negative
2023-08-11,177.32000732421875,178.6199951171875,176.5500030517578,177.7899932861328,177.5560760498047,51988100,178.52000122070314,-0.1800079345703125,negative
2023-08-14,177.97000122070312,179.69000244140625,177.30999755859375,179.4600067138672,179.22389221191406,43675600,178.64200134277343,1.670013427734375,low
2023-08-15,178.8800048828125,179.47999572753906,177.0500030517578,177.4499969482422,177.21652221679688,43622600,178.1720001220703,-2.010009765625,negative
2023-08-16,177.1300048828125,178.5399932861328,176.5,176.57000732421875,176.3376922607422,46964900,177.8480010986328,-0.8799896240234375,negative
2023-08-17,177.13999938964844,177.50999450683594,173.47999572753906,174.0,173.7710723876953,66062900,177.0540008544922,-2.57000732421875,negative
2023-08-18,172.3000030517578,175.10000610351562,171.9600067138672,174.49000549316406,174.2604217529297,61114200,176.39400329589844,0.4900054931640625,low
2023-08-21,175.07000732421875,176.1300048828125,173.74000549316406,175.83999633789062,175.608642578125,46311900,175.6700012207031,1.3499908447265625,low
2023-08-22,177.05999755859375,177.67999267578125,176.25,177.22999572753906,176.99681091308594,42084200,175.6260009765625,1.3899993896484375,low
2023-08-23,178.52000427246094,181.5500030517578,178.3300018310547,181.1199951171875,180.88169860839844,52722800,176.53599853515624,3.8899993896484375,moderate
2023-08-24,180.6699981689453,181.10000610351562,176.00999450683594,176.3800048828125,176.14793395996094,54945800,177.01199951171876,-4.739990234375,negative
2023-08-25,177.3800048828125,179.14999389648438,175.82000732421875,178.61000061035156,178.375,51449600,177.83599853515625,2.2299957275390625,low
2023-08-28,180.08999633789062,180.58999633789062,178.5500030517578,180.19000244140625,179.9529266357422,43820700,178.70599975585938,1.5800018310546875,low
2023-08-29,179.6999969482422,184.89999389648438,179.5,184.1199951171875,183.87774658203125,53003900,180.08399963378906,3.92999267578125,moderate
2023-08-30,184.94000244140625,187.85000610351562,184.74000549316406,187.64999389648438,187.40310668945312,60813900,181.38999938964844,3.529998779296875,moderate
2023-08-31,187.83999633789062,189.1199951171875,187.47999572753906,187.8699951171875,187.62281799316406,60794500,183.68799743652343,0.220001220703125,low
2023-09-01,189.49000549316406,189.9199981689453,188.27999877929688,189.4600067138672,189.2107391357422,45732600,185.85799865722657,1.5900115966796875,low
2023-09-05,188.27999877929688,189.97999572753906,187.61000061035156,189.6999969482422,189.45040893554688,45280000,187.75999755859374,0.239990234375,low
2023-09-06,188.39999389648438,188.85000610351562,181.47000122070312,182.91000366210938,182.66934204101562,81755800,187.51799926757812,-6.7899932861328125,negative
2023-09-07,175.17999267578125,178.2100067138672,173.5399932861328,177.55999755859375,177.32638549804688,112488800,185.5,-5.350006103515625,negative
2023-09-08,178.35000610351562,180.24000549316406,177.7899932861328,178.17999267578125,177.945556640625,65551300,183.56199951171874,0.6199951171875,low
2023-09-11,180.07000732421875,180.3000030517578,177.33999633789062,179.36000061035156,179.12400817871094,58953100,181.54199829101563,1.1800079345703125,low
2023-09-12,179.49000549316406,180.1300048828125,174.82000732421875,176.3000030517578,176.0680389404297,90370200,178.86199951171875,-3.05999755859375,negative
2023-09-13,176.50999450683594,177.3000030517578,173.97999572753906,174.2100067138672,173.9807891845703,84267900,177.12200012207032,-2.089996337890625,negative
2023-09-14,174.0,176.10000610351562,173.5800018310547,175.74000549316406,175.5087890625,60895800,176.75800170898438,1.529998779296875,low
2023-09-15,176.47999572753906,176.5,173.82000732421875,175.00999450683594,174.77972412109375,109205100,176.1240020751953,-0.730010986328125,negative
2023-09-18,176.47999572753906,179.3800048828125,176.1699981689453,177.97000122070312,177.73583984375,67257600,175.84600219726562,2.9600067138671875,low
2023-09-19,177.52000427246094,179.6300048828125,177.1300048828125,179.07000732421875,178.8343963623047,51826900,176.4000030517578,1.100006103515625,low
2023-09-20,179.25999450683594,179.6999969482422,175.39999389648438,175.49000549316406,175.2591094970703,58436200,176.6560028076172,-3.5800018310546875,negative
2023-09-21,174.5500030517578,176.3000030517578,173.86000061035156,173.92999267578125,173.70115661621094,63047900,176.29400024414062,-1.5600128173828125,negative
2023-09-22,174.6699981689453,177.0800018310547,174.0500030517578,174.7899932861328,174.5600128173828,56725400,176.25,0.8600006103515625,low
2023-09-25,174.1999969482422,176.97000122070312,174.14999389648438,176.0800018310547,175.84832763671875,46172700,175.87200012207032,1.290008544921875,low
2023-09-26,174.82000732421875,175.1999969482422,171.66000366210938,171.9600067138672,171.73374938964844,64588900,174.45,-4.1199951171875,negative
2023-09-27,172.6199951171875,173.0399932861328,169.0500030517578,170.42999267578125,170.20574951171875,66921800,173.43799743652343,-1.5300140380859375,negative
2023-09-28,169.33999633789062,172.02999877929688,167.6199951171875,170.69000244140625,170.46542358398438,56294400,172.78999938964844,0.260009765625,low
2023-09-29,172.02000427246094,173.07000732421875,170.33999633789062,171.2100067138672,170.9847412109375,51814200,172.07400207519532,0.5200042724609375,low
2023-10-02,171.22000122070312,174.3000030517578,170.92999267578125,173.75,173.52139282226562,52164500,171.60800170898438,2.5399932861328125,low
2023-10-03,172.25999450683594,173.6300048828125,170.82000732421875,172.39999389648438,172.1731719970703,49594600,171.6959991455078,-1.350006103515625,negative
2023-10-04,171.08999633789062,174.2100067138672,170.97000122070312,173.66000366210938,173.4315185546875,53020300,172.34200134277344,1.260009765625,low
2023-10-05,173.7899932861328,175.4499969482422,172.67999267578125,174.91000366210938,174.67987060546875,48527900,173.18600158691407,1.25,low
2023-10-06,173.8000030517578,177.99000549316406,173.17999267578125,177.49000549316406,177.25648498535156,57224100,174.44200134277344,2.5800018310546875,low
2023-10-09,176.80999755859375,179.0500030517578,175.8000030517578,178.99000549316406,178.75450134277344,42390800,175.49000244140626,1.5,low
2023-10-10,178.10000610351562,179.72000122070312,177.9499969482422,178.38999938964844,178.15528869628906,43698000,176.68800354003906,-0.600006103515625,negative
2023-10-11,178.1999969482422,179.85000610351562,177.60000610351562,179.8000030517578,179.5634307861328,47551100,177.91600341796874,1.410003662109375,low
2023-10-12,180.07000732421875,182.33999633789062,179.0399932861328,180.7100067138672,180.4722442626953,56743100,179.0760040283203,0.910003662109375,low
2023-10-13,181.4199981689453,181.92999267578125,178.13999938964844,178.85000610351562,178.61468505859375,51427100,179.34800415039064,-1.8600006103515625,negative
2023-10-16,176.75,179.0800018310547,176.50999450683594,178.72000122070312,178.48486328125,52517000,179.29400329589845,-0.1300048828125,negative
2023-10-17,176.64999389648438,178.4199981689453,174.8000030517578,177.14999389648438,176.9169158935547,57549400,179.04600219726564,-1.57000732421875,negative
2023-10-18,175.5800018310547,177.5800018310547,175.11000061035156,175.83999633789062,175.608642578125,54764400,178.25400085449218,-1.30999755859375,negative
2023-10-19,176.0399932861328,177.83999633789062,175.19000244140625,175.4600067138672,175.22915649414062,59302900,177.2040008544922,-0.3799896240234375,negative
2023-10-20,175.30999755859375,175.4199981689453,172.63999938964844,172.8800048828125,172.6525421142578,64189300,176.01000061035157,-2.5800018310546875,negative
2023-10-23,170.91000366210938,174.00999450683594,169.92999267578125,173.0,172.7723846435547,55980100,174.86600036621093,0.1199951171875,low
2023-10-24,173.0500030517578,173.6699981689453,171.4499969482422,173.44000244140625,173.21180725097656,43816600,174.1240020751953,0.44000244140625,low
2023-10-25,171.8800048828125,173.05999755859375,170.64999389648438,171.10000610351562,170.87489318847656,57157000,173.1760040283203,-2.339996337890625,negative
2023-10-26,170.3699951171875,171.3800048828125,165.6699981689453,166.88999938964844,166.67042541503906,70625300,171.46200256347657,-4.2100067138671875,negative
2023-10-27,166.91000366210938,168.9600067138672,166.8300018310547,168.22000122070312,167.99867248535156,58499100,170.53000183105468,1.3300018310546875,low
2023-10-30,169.02000427246094,171.1699981689453,168.8699951171875,170.2899932861328,170.06593322753906,51131000,169.98800048828124,2.0699920654296875,low
2023-10-31,169.35000610351562,170.89999389648438,167.89999389648438,170.77000427246094,170.54531860351562,44846000,169.4540008544922,0.480010986328125,low
2023-11-01,171.0,174.22999572753906,170.1199951171875,173.97000122070312,173.74110412597656,56934900,170.0279998779297,3.1999969482421875,moderate
2023-11-02,175.52000427246094,177.77999877929688,175.4600067138672,177.57000732421875,177.3363800048828,77334800,172.16400146484375,3.600006103515625,moderate
2023-11-03,174.24000549316406,176.82000732421875,173.35000610351562,176.64999389648438,176.41757202148438,79763700,173.85,-0.920013427734375,negative
2023-11-06,176.3800048828125,179.42999267578125,176.2100067138672,179.22999572753906,178.9941864013672,63841300,175.63800048828125,2.5800018310546875,low
2023-11-07,179.17999267578125,182.44000244140625,178.97000122070312,181.82000732421875,181.58078002929688,70530000,177.8480010986328,2.5900115966796875,low
2023-11-08,182.35000610351562,183.4499969482422,181.58999633789062,182.88999938964844,182.6493682861328,49340300,179.6320007324219,1.0699920654296875,low
2023-11-09,182.9600067138672,184.1199951171875,181.80999755859375,182.41000366210938,182.1699981689453,53763500,180.6,-0.4799957275390625,negative
2023-11-10,183.97000122070312,186.57000732421875,183.52999877929688,186.39999389648438,186.39999389648438,66133400,182.55,3.989990234375,moderate
2023-11-13,185.82000732421875,186.02999877929688,184.2100067138672,184.8000030517578,184.8000030517578,43627500,183.66400146484375,-1.5999908447265625,negative
2023-11-14,187.6999969482422,188.11000061035156,186.3000030517578,187.44000244140625,187.44000244140625,60108400,184.78800048828126,2.6399993896484375,low
2023-11-15,187.85000610351562,189.5,187.77999877929688,188.00999450683594,188.00999450683594,53790500,185.81199951171874,0.5699920654296875,low
2023-11-16,189.57000732421875,190.9600067138672,188.64999389648438,189.7100067138672,189.7100067138672,54412900,187.27200012207032,1.70001220703125,low
2023-11-17,190.25,190.3800048828125,188.57000732421875,189.69000244140625,189.69000244140625,50922700,187.93000183105468,-0.0200042724609375,negative
2023-11-20,189.88999938964844,191.91000366210938,189.8800048828125,191.4499969482422,191.4499969482422,46505100,189.26000061035157,1.7599945068359375,low
2023-11-21,191.41000366210938,191.52000427246094,189.74000549316406,190.63999938964844,190.63999938964844,38134500,189.9,-0.80999755859375,negative
2023-11-22,191.49000549316406,192.92999267578125,190.8300018310547,191.30999755859375,191.30999755859375,39617700,190.56000061035155,0.6699981689453125,low
2023-11-24,190.8699951171875,190.89999389648438,189.25,189.97000122070312,189.97000122070312,24048300,190.61199951171875,-1.339996337890625,negative
2023-11-27,189.9199981689453,190.6699981689453,188.89999389648438,189.7899932861328,189.7899932861328,40552600,190.63199768066406,-0.1800079345703125,negative
2023-11-28,189.77999877929688,191.0800018310547,189.39999389648438,190.39999389648438,190.39999389648438,38415400,190.4219970703125,0.6100006103515625,low
2023-11-29,190.89999389648438,192.08999633789062,188.97000122070312,189.3699951171875,189.3699951171875,43014200,190.16799621582032,-1.029998779296875,negative
2023-11-30,189.83999633789062,190.32000732421875,188.19000244140625,189.9499969482422,189.9499969482422,48794400,189.89599609375,0.5800018310546875,low
2023-12-01,190.3300018310547,191.55999755859375,189.22999572753906,191.24000549316406,191.24000549316406,45679300,190.14999694824218,1.290008544921875,low
2023-12-04,189.97999572753906,190.0500030517578,187.4499969482422,189.42999267578125,189.42999267578125,43389500,190.07799682617187,-1.8100128173828125,negative
2023-12-05,190.2100067138672,194.39999389648438,190.17999267578125,193.4199981689453,193.4199981689453,66628400,190.68199768066407,3.9900054931640625,moderate
2023-12-06,194.4499969482422,194.75999450683594,192.11000061035156,192.32000732421875,192.32000732421875,41089700,191.27200012207032,-1.0999908447265625,negative
2023-12-07,193.6300048828125,195.0,193.58999633789062,194.27000427246094,194.27000427246094,47477700,192.13600158691406,1.9499969482421875,low
2023-12-08,194.1999969482422,195.99000549316406,193.6699981689453,195.7100067138672,195.7100067138672,53377300,193.03000183105468,1.44000244140625,low
2023-12-11,193.11000061035156,193.49000549316406,191.4199981689453,193.17999267578125,193.17999267578125,60943700,193.78000183105468,-2.5300140380859375,negative
2023-12-12,193.0800018310547,194.72000122070312,191.72000122070312,194.7100067138672,194.7100067138672,52696900,194.03800354003906,1.5300140380859375,low
2023-12-13,195.08999633789062,198.0,194.85000610351562,197.9600067138672,197.9600067138672,70404200,195.16600341796874,3.25,moderate
2023-12-14,198.02000427246094,199.6199951171875,196.16000366210938,198.11000061035156,198.11000061035156,66831600,195.9340026855469,0.149993896484375,low
2023-12-15,197.52999877929688,198.39999389648438,197.0,197.57000732421875,197.57000732421875,128256700,196.30600280761718,-0.5399932861328125,negative
2023-12-18,196.08999633789062,196.6300048828125,194.38999938964844,195.88999938964844,195.88999938964844,55751900,196.84800415039064,-1.6800079345703125,negative
2023-12-19,196.16000366210938,196.9499969482422,195.88999938964844,196.94000244140625,196.94000244140625,40714100,197.29400329589845,1.0500030517578125,low
2023-12-20,196.89999389648438,197.67999267578125,194.8300018310547,194.8300018310547,194.8300018310547,52242800,196.66800231933593,-2.1100006103515625,negative
2023-12-21,196.10000610351562,197.0800018310547,193.5,194.67999267578125,194.67999267578125,46482500,195.98200073242188,-0.1500091552734375,negative
2023-12-22,195.17999267578125,195.41000366210938,192.97000122070312,193.60000610351562,193.60000610351562,37122800,195.18800048828126,-1.079986572265625,negative
2023-12-26,193.61000061035156,193.88999938964844,192.8300018310547,193.0500030517578,193.0500030517578,28919300,194.62000122070313,-0.5500030517578125,negative
2023-12-27,192.49000549316406,193.5,191.08999633789062,193.14999389648438,193.14999389648438,48087700,193.86199951171875,0.0999908447265625,low
2023-12-28,194.13999938964844,194.66000366210938,193.1699981689453,193.5800018310547,193.5800018310547,34049900,193.61199951171875,0.4300079345703125,low
2023-12-29,193.89999389648438,194.39999389648438,191.72999572753906,192.52999877929688,192.52999877929688,42628800,193.18200073242187,-1.0500030517578125,negative
2024-01-02,187.14999389648438,188.44000244140625,183.88999938964844,185.63999938964844,185.63999938964844,82488700,191.58999938964843,-6.8899993896484375,negative
2024-01-03,184.22000122070312,185.8800048828125,183.42999267578125,184.25,184.25,58414500,189.8299987792969,-1.3899993896484375,negative
2024-01-04,182.14999389648438,183.08999633789062,180.8800048828125,181.91000366210938,181.91000366210938,71983600,187.58200073242188,-2.339996337890625,negative
2024-01-05,181.99000549316406,182.75999450683594,180.1699981689453,181.17999267578125,181.17999267578125,62303300,185.10199890136718,-0.730010986328125,negative
2024-01-08,182.08999633789062,185.60000610351562,181.5,185.55999755859375,185.55999755859375,59144500,183.70799865722657,4.3800048828125,moderate
2024-01-09,183.9199981689453,185.14999389648438,182.72999572753906,185.13999938964844,185.13999938964844,42841800,183.60799865722657,-0.4199981689453125,negative
2024-01-10,184.35000610351562,186.39999389648438,183.9199981689453,186.19000244140625,186.19000244140625,46792900,183.99599914550782,1.0500030517578125,low
2024-01-11,186.5399932861328,187.0500030517578,183.6199951171875,185.58999633789062,185.58999633789062,49128400,184.73199768066405,-0.600006103515625,negative
