Date,Open,High,Low,Close,Adj Close,Volume,Moving Average,Daily Return GOOG,Trends
2022-01-12,141.55450439453125,142.8142547607422,141.11199951171875,141.6479949951172,141.6479949951172,23642000,0.0,0.0,low
2022-01-13,141.8404998779297,143.1855010986328,138.91400146484375,139.13099670410156,139.13099670410156,26566000,0.0,-2.516998291015625,negative
2022-01-14,137.5,141.20050048828125,137.5,139.7864990234375,139.7864990234375,23826000,0.0,0.6555023193359375,low
2022-01-18,136.60000610351562,137.39149475097656,135.61700439453125,136.29049682617188,136.29049682617188,27382000,0.0,-3.496002197265625,negative
2022-01-19,136.93850708007812,138.39950561523438,135.5,135.65199279785156,135.65199279785156,20796000,138.50159606933593,-0.6385040283203125,negative
2022-01-20,136.51400756835938,137.91200256347656,133.14450073242188,133.50650024414062,133.50650024414062,21930000,136.87329711914063,-2.1454925537109375,negative
2022-01-21,133.01199340820312,134.760498046875,130.00100708007812,130.0919952392578,130.0919952392578,41920000,135.06549682617188,-3.4145050048828125,negative
2022-01-24,126.02749633789062,130.77850341796875,124.64195251464844,130.3719940185547,130.3719940185547,55148000,133.1825958251953,0.279998779296875,low
2022-01-25,128.4355010986328,129.3385009765625,126.37799835205078,126.7354965209961,126.7354965209961,36008000,131.27159576416017,-3.6364974975585938,negative
2022-01-26,130.59249877929688,132.8074951171875,127.15350341796875,129.24000549316406,129.24000549316406,39630000,129.98919830322265,2.5045089721679688,low
2022-01-27,131.36099243164062,132.60995483398438,128.94500732421875,129.12100219726562,129.12100219726562,30248000,129.11209869384766,-0.1190032958984375,negative
2022-01-28,130.0,133.37049865722656,128.6945037841797,133.2895050048828,133.2895050048828,30518000,129.75160064697266,4.1685028076171875,moderate
2022-01-31,134.197998046875,135.843505859375,132.2740020751953,135.69850158691406,135.69850158691406,34056000,130.81690216064453,2.40899658203125,low
2022-02-01,137.8350067138672,138.1999969482422,134.56825256347656,137.8784942626953,137.8784942626953,51204000,133.04550170898438,2.17999267578125,low
2022-02-02,151.86349487304688,152.10000610351562,145.5574951171875,148.0364990234375,148.0364990234375,89750000,136.80480041503907,10.158004760742188,high
2022-02-03,145.2949981689453,149.11770629882812,142.2050018310547,142.65049743652344,142.65049743652344,56930000,139.5106994628906,-5.3860015869140625,negative
2022-02-04,143.01699829101562,144.53524780273438,139.8175048828125,143.01600646972656,143.01600646972656,49224000,141.45599975585938,0.365509033203125,low
2022-02-07,143.70899963378906,143.84649658203125,138.69900512695312,138.93800354003906,138.93800354003906,44610000,142.10390014648436,-4.0780029296875,negative
2022-02-08,138.9912567138672,139.83709716796875,136.8730010986328,139.21299743652344,139.21299743652344,34256000,142.37080078125,0.274993896484375,low
2022-02-09,140.84974670410156,142.17550659179688,140.3769989013672,141.4530029296875,141.4530029296875,28628000,141.0541015625,2.2400054931640625,low
2022-02-10,139.5,141.43099975585938,138.0500030517578,138.6024932861328,138.6024932861328,33018000,140.24450073242187,-2.8505096435546875,negative
2022-02-11,138.75,139.2832489013672,133.2884979248047,134.1300048828125,134.1300048828125,38808000,138.46730041503906,-4.4724884033203125,negative
2022-02-14,133.36549377441406,136.16650390625,133.302001953125,135.3000030517578,135.3000030517578,26792000,137.7397003173828,1.1699981689453125,low
2022-02-15,137.47149658203125,137.89999389648438,135.5395050048828,136.42550659179688,136.42550659179688,26578000,137.1822021484375,1.1255035400390625,low
2022-02-16,136.4304962158203,137.9459991455078,134.8236541748047,137.4875030517578,137.4875030517578,25610000,136.38910217285155,1.0619964599609375,low
2022-02-17,136.14999389648438,136.83949279785156,132.20199584960938,132.30850219726562,132.30850219726562,30968000,135.13030395507812,-5.1790008544921875,negative
2022-02-18,133.03750610351562,133.82400512695312,130.3070526123047,130.46749877929688,130.46749877929688,31858000,134.397802734375,-1.84100341796875,negative
2022-02-22,129.98500061035156,131.9007568359375,127.74099731445312,129.40249633789062,129.40249633789062,38906000,133.21830139160156,-1.06500244140625,negative
2022-02-23,131.07850646972656,131.74899291992188,127.50350189208984,127.58499908447266,127.58499908447266,26432000,131.45019989013673,-1.8174972534179688,negative
2022-02-24,125.0,133.03700256347656,124.7645034790039,132.67349243164062,132.67349243164062,43166000,130.48739776611328,5.088493347167969,high
2022-02-25,133.52549743652344,135.38900756835938,131.76499938964844,134.51950073242188,134.51950073242188,26236000,130.92959747314453,1.84600830078125,low
2022-02-28,133.2845001220703,135.6405029296875,132.82525634765625,134.89100646972656,134.89100646972656,29676000,131.81429901123047,0.3715057373046875,low
2022-03-01,134.47999572753906,136.11099243164062,133.3784942626953,134.16799926757812,134.16799926757812,24640000,132.76739959716798,-0.7230072021484375,negative
2022-03-02,134.60824584960938,135.61549377441406,133.4324951171875,134.75149536132812,134.75149536132812,23966000,134.20069885253906,0.58349609375,low
2022-03-03,135.97850036621094,136.71380615234375,133.43099975585938,134.30799865722656,134.30799865722656,19780000,134.52760009765626,-0.4434967041015625,negative
2022-03-04,133.38250732421875,134.19900512695312,130.4084930419922,132.1219940185547,132.1219940185547,24446000,134.0480987548828,-2.186004638671875,negative
2022-03-07,131.9040069580078,131.9040069580078,126.41000366210938,126.4645004272461,126.4645004272461,39178000,132.36279754638673,-5.657493591308594,negative
2022-03-08,126.25050354003906,131.2465057373047,125.86074829101562,127.27850341796875,127.27850341796875,35250000,130.98489837646486,0.8140029907226562,low
2022-03-09,131.39999389648438,134.19850158691406,130.08799743652344,133.86599731445312,133.86599731445312,32258000,130.80779876708985,6.587493896484375,high
2022-03-10,131.46249389648438,133.5384979248047,131.4010009765625,132.6820068359375,132.6820068359375,24266000,130.48260040283202,-1.183990478515625,negative
2022-03-11,133.99949645996094,134.1999969482422,130.29649353027344,130.47549438476562,130.47549438476562,26600000,130.1533004760742,-2.206512451171875,negative
2022-03-14,130.572998046875,131.0260009765625,126.41300201416016,126.74099731445312,126.74099731445312,30254000,130.20859985351564,-3.7344970703125,negative
2022-03-15,127.74150085449219,130.51724243164062,126.56800079345703,129.66050720214844,129.66050720214844,30292000,130.68500061035155,2.9195098876953125,low
2022-03-16,131.0,133.77099609375,129.2010040283203,133.6905059814453,133.6905059814453,32058000,130.64990234375,4.029998779296875,moderate
2022-03-17,133.3209991455078,134.739501953125,132.718994140625,134.60049438476562,134.60049438476562,23994000,131.03359985351562,0.9099884033203125,low
2022-03-18,133.88400268554688,136.9134979248047,132.9320068359375,136.80149841308594,136.80149841308594,45900000,132.29880065917968,2.2010040283203125,low
2022-03-21,136.84750366210938,137.58250427246094,134.6114959716797,136.47850036621094,136.47850036621094,26632000,134.24630126953124,-0.322998046875,negative
2022-03-22,136.5,141.5,136.5,140.27749633789062,140.27749633789062,29776000,136.36969909667968,3.7989959716796875,moderate
2022-03-23,139.1385040283203,140.02499389648438,138.16650390625,138.5034942626953,138.5034942626953,25302000,137.3322967529297,-1.7740020751953125,negative
2022-03-24,139.2725067138672,141.39649963378906,138.03939819335938,141.31199645996094,141.31199645996094,20544000,138.67459716796876,2.808502197265625,low
2022-03-25,141.75399780273438,141.95950317382812,139.69949340820312,141.52149963378906,141.52149963378906,19270000,139.61859741210938,0.209503173828125,low
2022-03-28,140.6844940185547,141.97650146484375,139.82815551757812,141.9499969482422,141.9499969482422,23774000,140.71289672851563,0.428497314453125,low
2022-03-29,143.16050720214844,144.16250610351562,142.48399353027344,143.25,143.25,28678000,141.3073974609375,1.3000030517578125,low
2022-03-30,142.8699951171875,143.48049926757812,142.16799926757812,142.64450073242188,142.64450073242188,21046000,142.1355987548828,-0.605499267578125,negative
2022-03-31,142.44850158691406,142.64450073242188,139.61900329589844,139.64950561523438,139.64950561523438,29516000,141.8031005859375,-2.9949951171875,negative
2022-04-01,140.00999450683594,140.9499969482422,138.7969970703125,140.6999969482422,140.6999969482422,23480000,141.63880004882813,1.0504913330078125,low
2022-04-04,140.82449340820312,144.0437469482422,140.82449340820312,143.6425018310547,143.6425018310547,19076000,141.97730102539063,2.9425048828125,low
2022-04-05,143.39950561523438,143.58999633789062,140.94349670410156,141.06300354003906,141.06300354003906,19256000,141.53990173339844,-2.579498291015625,negative
2022-04-06,139.1614990234375,139.84849548339844,136.41810607910156,137.17599487304688,137.17599487304688,23574000,140.44620056152343,-3.8870086669921875,negative
2022-04-07,136.6179962158203,137.70150756835938,134.8572540283203,136.46499633789062,136.46499633789062,19448000,139.80929870605468,-0.71099853515625,negative
2022-04-08,136.25,136.25,133.75250244140625,134.010498046875,134.010498046875,16434000,138.47139892578124,-2.454498291015625,negative
2022-04-11,132.89999389648438,132.93919372558594,129.61749267578125,129.79649353027344,129.79649353027344,24188000,135.702197265625,-4.2140045166015625,negative
2022-04-12,132.42349243164062,132.42349243164062,127.57599639892578,128.37449645996094,128.37449645996094,23004000,133.16449584960938,-1.4219970703125,negative
2022-04-13,128.62649536132812,130.65574645996094,128.4385986328125,130.28599548339844,130.28599548339844,19542000,131.7864959716797,1.9114990234375,low
2022-04-14,130.64950561523438,130.7102508544922,127.11150360107422,127.25299835205078,127.25299835205078,23484000,129.94409637451173,-3.0329971313476562,negative
2022-04-18,127.41000366210938,128.71200561523438,126.57845306396484,127.96099853515625,127.96099853515625,14918000,128.73419647216798,0.7080001831054688,low
2022-04-19,128.07699584960938,130.90374755859375,127.45149993896484,130.531005859375,130.531005859375,22720000,128.88109893798827,2.57000732421875,low
2022-04-20,131.28399658203125,131.92349243164062,127.89405059814453,128.24549865722656,128.24549865722656,22610000,128.8552993774414,-2.2855072021484375,negative
2022-04-21,129.35000610351562,130.3074951171875,124.6500015258789,124.9375,124.9375,30158000,127.78560028076171,-3.3079986572265625,negative
2022-04-22,125.0,125.4520034790039,119.1405029296875,119.61399841308594,119.61399841308594,46410000,126.25780029296875,-5.3235015869140625,negative
2022-04-25,119.42949676513672,123.27799987792969,118.76924896240234,123.25,123.25,34522000,125.3156005859375,3.6360015869140625,moderate
2022-04-26,122.75,122.75,119.16184997558594,119.50599670410156,119.50599670410156,49394000,123.11059875488282,-3.7440032958984375,negative
2022-04-27,114.37300109863281,117.5,113.12425231933594,115.02050018310547,115.02050018310547,62238000,120.4655990600586,-4.485496520996094,negative
2022-04-28,117.11499786376953,120.4384994506836,115.1438980102539,119.4114990234375,119.4114990234375,36790000,119.36039886474609,4.390998840332031,moderate
2022-04-29,117.5780029296875,118.95999908447266,114.69400024414062,114.96649932861328,114.96649932861328,33694000,118.43089904785157,-4.444999694824219,negative
2022-05-02,113.90650177001953,117.3395004272461,113.39949798583984,117.15699768066406,117.15699768066406,30280000,117.21229858398438,2.1904983520507812,low
2022-05-03,116.76499938964844,119.30000305175781,116.62699890136719,118.12950134277344,118.12950134277344,21216000,116.93699951171875,0.972503662109375,low
2022-05-04,118.00350189208984,123.14299774169922,115.7385025024414,122.57499694824219,122.57499694824219,33232000,118.4478988647461,4.44549560546875,moderate
2022-05-05,120.22049713134766,121.2332534790039,115.18250274658203,116.74649810791016,116.74649810791016,43090000,117.91489868164062,-5.828498840332031,negative
2022-05-06,115.51899719238281,117.49849700927734,114.14299774169922,115.66000366210938,115.66000366210938,35310000,118.05359954833985,-1.0864944458007812,negative
2022-05-09,113.30349731445312,115.56289672851562,112.55149841308594,113.08399963378906,113.08399963378906,34520000,117.23899993896484,-2.5760040283203125,negative
2022-05-10,116.04049682617188,116.69100189208984,113.38330078125,114.58450317382812,114.58450317382812,31158000,116.53000030517578,1.5005035400390625,low
2022-05-11,113.71050262451172,116.6709976196289,113.6500015258789,113.96099853515625,113.96099853515625,36502000,114.8072006225586,-0.623504638671875,negative
2022-05-12,111.93800354003906,114.85649871826172,110.1135025024414,113.16100311279297,113.16100311279297,41464000,114.09010162353516,-0.7999954223632812,negative
2022-05-13,114.84549713134766,118.08499908447266,114.0,116.5155029296875,116.5155029296875,29738000,114.26120147705078,3.3544998168945312,moderate
2022-05-16,115.38400268554688,116.60749816894531,114.33499908447266,114.7925033569336,114.7925033569336,23282000,114.60290222167968,-1.7229995727539062,negative
2022-05-17,117.22750091552734,117.22750091552734,115.3375015258789,116.70149993896484,116.70149993896484,21576000,115.02630157470703,1.90899658203125,low
2022-05-18,115.23750305175781,115.69564819335938,112.14199829101562,112.4010009765625,112.4010009765625,27982000,114.71430206298828,-4.300498962402344,negative
2022-05-19,111.84100341796875,113.5875015258789,110.46800231933594,110.74549865722656,110.74549865722656,29192000,114.231201171875,-1.6555023193359375,negative
2022-05-20,112.08550262451172,112.55000305175781,106.37300109863281,109.31300354003906,109.31300354003906,37586000,112.79070129394532,-1.4324951171875,negative
2022-05-23,110.10399627685547,112.00550079345703,109.15425109863281,111.66649627685547,111.66649627685547,31558000,112.16549987792969,2.3534927368164062,low
2022-05-24,106.37750244140625,106.3949966430664,102.20800018310547,105.9260025024414,105.9260025024414,60386000,110.010400390625,-5.7404937744140625,negative
2022-05-25,105.14199829101562,106.5447006225586,104.21125030517578,105.8395004272461,105.8395004272461,37900000,108.69810028076172,-0.0865020751953125,negative
2022-05-26,106.05049896240234,108.95525360107422,105.48799896240234,108.2959976196289,108.2959976196289,30288000,108.20820007324218,2.4564971923828125,low
2022-05-27,109.78849792480469,112.86799621582031,109.55000305175781,112.79900360107422,112.79900360107422,29924000,108.90540008544922,4.5030059814453125,moderate
2022-05-31,113.0790023803711,116.43350219726562,112.57250213623047,114.03900146484375,114.03900146484375,51302000,109.37990112304688,1.2399978637695312,low
2022-06-01,114.93150329589844,117.39900207519531,113.55049896240234,114.13700103759766,114.13700103759766,28630000,111.02210083007813,0.09799957275390625,low
2022-06-02,114.18800354003906,117.89800262451172,113.30799865722656,117.74600219726562,117.74600219726562,27472000,113.40340118408203,3.6090011596679688,moderate
2022-06-03,115.99250030517578,116.364501953125,113.66799926757812,114.56400299072266,114.56400299072266,25052000,114.65700225830078,-3.1819992065429688,negative
2022-06-06,116.74250030517578,119.39849853515625,116.5282974243164,117.010498046875,117.010498046875,23786000,115.49930114746094,2.4464950561523438,low
2022-06-07,115.64800262451172,117.74864959716797,115.12550354003906,117.22949981689453,117.22949981689453,26414000,116.1374008178711,0.21900177001953125,low
2022-06-08,116.87650299072266,118.64600372314453,116.69674682617188,117.23799896240234,117.23799896240234,22544000,116.75760040283203,0.0084991455078125,low
2022-06-09,116.34149932861328,118.3499984741211,114.86699676513672,114.91799926757812,114.91799926757812,23142000,116.19199981689454,-2.3199996948242188,negative
2022-06-10,112.78125,113.49700164794922,110.86100006103516,111.42749786376953,111.42749786376953,31324000,115.5646987915039,-3.4905014038085938,negative
2022-06-13,107.44599914550781,109.21849822998047,106.58805084228516,106.87650299072266,106.87650299072266,36756000,113.53789978027343,-4.550994873046875,negative
2022-06-14,106.88999938964844,108.4574966430664,106.35199737548828,107.19400024414062,107.19400024414062,25480000,111.53079986572266,0.31749725341796875,low
2022-06-15,108.89949798583984,112.06300354003906,108.1187515258789,110.3905029296875,110.3905029296875,33192000,110.16130065917969,3.196502685546875,moderate
2022-06-16,108.14949798583984,109.29049682617188,105.7925033569336,106.63600158691406,106.63600158691406,35314000,108.50490112304688,-3.7545013427734375,negative
2022-06-17,106.53500366210938,109.24949645996094,105.62854766845703,107.8655014038086,107.8655014038086,43516000,107.7925018310547,1.2294998168945312,low
2022-06-21,109.7020034790039,112.6729965209961,109.29350280761719,112.01499938964844,112.01499938964844,39010000,108.82020111083985,4.149497985839844,moderate
2022-06-22,111.16300201416016,113.76950073242188,110.72429656982422,112.03399658203125,112.03399658203125,23922000,109.78820037841797,0.0189971923828125,low
2022-06-23,112.94999694824219,113.19650268554688,111.02899932861328,112.68450164794922,112.68450164794922,24710000,110.24700012207032,0.6505050659179688,low
2022-06-24,113.60299682617188,118.63749694824219,113.60299682617188,118.53800201416016,118.53800201416016,39122000,112.62740020751953,5.8535003662109375,high
2022-06-27,118.93499755859375,119.25,116.00074768066406,116.62249755859375,116.62249755859375,32840000,114.37879943847656,-1.9155044555664062,negative
2022-06-28,116.35099792480469,117.85649871826172,112.44400024414062,112.57150268554688,112.57150268554688,28232000,114.49010009765625,-4.050994873046875,negative
2022-06-29,112.14849853515625,113.66449737548828,111.55400085449219,112.25650024414062,112.25650024414062,18628000,114.53460083007812,-0.31500244140625,negative
2022-06-30,110.49949645996094,111.32980346679688,107.30999755859375,109.37249755859375,109.37249755859375,38046000,113.87220001220703,-2.884002685546875,negative
2022-07-01,108.33699798583984,109.80635070800781,107.1050033569336,109.08100128173828,109.08100128173828,31028000,111.98079986572266,-0.29149627685546875,negative
2022-07-05,107.5145034790039,114.05259704589844,106.24949645996094,113.88700103759766,113.88700103759766,36398000,111.43370056152344,4.805999755859375,moderate
2022-07-06,114.09200286865234,116.35199737548828,112.25050354003906,115.2135009765625,115.2135009765625,28852000,111.96210021972657,1.3264999389648438,low
2022-07-07,116.00800323486328,119.86199951171875,115.53399658203125,119.30599975585938,119.30599975585938,32184000,113.37200012207032,4.092498779296875,moderate
2022-07-08,117.55000305175781,120.43499755859375,117.51399993896484,120.16850280761719,120.16850280761719,29082000,115.531201171875,0.8625030517578125,low
2022-07-11,118.6500015258789,118.79450225830078,116.2344970703125,116.52249908447266,116.52249908447266,26718000,117.01950073242188,-3.6460037231445312,negative
2022-07-12,116.8385009765625,117.84950256347656,114.61499786376953,114.84950256347656,114.84950256347656,24970000,117.21200103759766,-1.6729965209960938,negative
2022-07-13,112.63899993896484,115.15699768066406,111.822998046875,112.18699645996094,112.18699645996094,38958000,116.60670013427735,-2.662506103515625,negative
2022-07-14,110.82599639892578,111.98750305175781,109.32550048828125,111.44000244140625,111.44000244140625,32366000,115.03350067138672,-0.7469940185546875,negative
2022-07-15,112.96299743652344,114.00050354003906,111.82250213623047,112.76699829101562,112.76699829101562,34330000,113.5531997680664,1.326995849609375,low
2022-07-18,113.44000244140625,114.80000305175781,109.30000305175781,109.91000366210938,109.91000366210938,33354000,112.23070068359375,-2.85699462890625,negative
2022-07-19,111.7300033569336,114.80999755859375,110.5,114.62000274658203,114.62000274658203,30992300,112.18480072021484,4.709999084472656,moderate
2022-07-20,114.05999755859375,116.33000183105469,113.26000213623047,114.69999694824219,114.69999694824219,26780100,112.6874008178711,0.07999420166015625,low
2022-07-21,115.08999633789062,115.20999908447266,111.91000366210938,115.04000091552734,115.04000091552734,27267800,113.40740051269532,0.34000396728515625,low
2022-07-22,111.80999755859375,113.18000030517578,107.5999984741211,108.36000061035156,108.36000061035156,44455300,112.5260009765625,-6.680000305175781,negative
2022-07-25,108.87999725341797,110.58000183105469,107.01000213623047,108.20999908447266,108.20999908447266,28289900,112.18600006103516,-0.15000152587890625,negative
2022-07-26,107.43000030517578,107.73999786376953,104.76000213623047,105.44000244140625,105.44000244140625,36626600,110.35,-2.7699966430664062,negative
2022-07-27,109.5999984741211,114.4000015258789,108.41999816894531,113.5999984741211,113.5999984741211,41474600,110.13000030517578,8.159996032714844,high
2022-07-28,112.80000305175781,114.69999694824219,111.85099792480469,114.58999633789062,114.58999633789062,23303800,110.03999938964844,0.9899978637695312,low
2022-07-29,113.4000015258789,116.9000015258789,113.2300033569336,116.63999938964844,116.63999938964844,31336200,111.69599914550781,2.0500030517578125,low
2022-08-01,115.52999877929688,117.12000274658203,114.69000244140625,115.4800033569336,115.4800033569336,22856200,113.15,-1.1599960327148438,negative
2022-08-02,114.43000030517578,117.08000183105469,114.26000213623047,115.9000015258789,115.9000015258789,17911000,115.24199981689453,0.4199981689453125,low
2022-08-03,116.33999633789062,119.41999816894531,116.1500015258789,118.77999877929688,118.77999877929688,25302800,116.27799987792969,2.8799972534179688,low
2022-08-04,118.30000305175781,119.5,117.70999908447266,118.87000274658203,118.87000274658203,15757700,117.13400115966797,0.09000396728515625,low
2022-08-05,116.93000030517578,118.86000061035156,116.70999908447266,118.22000122070312,118.22000122070312,15615700,117.4500015258789,-0.6500015258789062,negative
2022-08-08,119.12000274658203,120.86000061035156,117.83000183105469,118.13999938964844,118.13999938964844,17061100,117.98200073242188,-0.0800018310546875,negative
2022-08-09,117.98999786376953,118.19999694824219,116.55999755859375,117.5,117.5,15424300,118.3020004272461,-0.6399993896484375,negative
2022-08-10,119.58999633789062,121.77999877929688,119.36000061035156,120.6500015258789,120.6500015258789,20497000,118.6760009765625,3.1500015258789062,moderate
2022-08-11,122.08000183105469,122.33999633789062,119.55000305175781,119.81999969482422,119.81999969482422,16671600,118.86600036621094,-0.8300018310546875,negative
2022-08-12,121.16000366210938,122.6500015258789,120.4000015258789,122.6500015258789,122.6500015258789,16121100,119.75200042724609,2.8300018310546875,low
2022-08-15,122.20999908447266,123.26000213623047,121.56999969482422,122.87999725341797,122.87999725341797,15525000,120.7,0.2299957275390625,low
2022-08-16,122.31999969482422,123.22799682617188,121.53500366210938,122.51000213623047,122.51000213623047,15626200,121.70200042724609,-0.3699951171875,negative
2022-08-17,120.93000030517578,122.1500015258789,120.19999694824219,120.31999969482422,120.31999969482422,17589200,121.63600006103516,-2.19000244140625,negative
2022-08-18,120.2300033569336,121.69000244140625,119.55000305175781,120.86000061035156,120.86000061035156,15652000,121.84400024414063,0.5400009155273438,low
2022-08-19,119.87000274658203,120.0,117.66999816894531,118.12000274658203,118.12000274658203,20187000,120.93800048828125,-2.7399978637695312,negative
2022-08-22,116.0999984741211,116.5,114.66999816894531,115.06999969482422,115.06999969482422,19316000,119.3760009765625,-3.0500030517578125,negative
2022-08-23,114.31999969482422,115.93000030517578,114.30000305175781,114.7699966430664,114.7699966430664,14390700,117.82799987792968,-0.3000030517578125,negative
2022-08-24,114.44999694824219,115.71700286865234,113.77999877929688,114.69999694824219,114.69999694824219,16051200,116.70399932861328,-0.06999969482421875,negative
2022-08-25,115.1500015258789,117.77999877929688,115.05000305175781,117.69999694824219,117.69999694824219,14874700,116.0719985961914,3.0,low
2022-08-26,115.80999755859375,116.5999984741211,111.22000122070312,111.30000305175781,111.30000305175781,31698700,114.70799865722657,-6.399993896484375,negative
2022-08-29,110.77999877929688,111.95999908447266,109.80999755859375,110.33999633789062,110.33999633789062,20386100,113.76199798583984,-0.9600067138671875,negative
2022-08-30,111.02999877929688,111.37000274658203,108.80000305175781,109.91000366210938,109.91000366210938,20548200,112.78999938964844,-0.42999267578125,negative
2022-08-31,111.62999725341797,111.7699966430664,109.05000305175781,109.1500015258789,109.1500015258789,25898000,111.68000030517578,-0.7600021362304688,negative
2022-09-01,109.19999694824219,111.22000122070312,108.19000244140625,110.55000305175781,110.55000305175781,22784400,110.2500015258789,1.4000015258789062,low
2022-09-02,111.33999633789062,111.67500305175781,108.12999725341797,108.68000030517578,108.68000030517578,20618100,109.7260009765625,-1.8700027465820312,negative
2022-09-06,108.13500213623047,108.87999725341797,106.51000213623047,107.4800033569336,107.4800033569336,20565100,109.1540023803711,-1.1999969482421875,negative
2022-09-07,107.76000213623047,110.98999786376953,107.61499786376953,110.4800033569336,110.4800033569336,22987200,109.26800231933593,3.0,low
2022-09-08,109.18000030517578,110.58000183105469,108.05999755859375,109.41999816894531,109.41999816894531,21660700,109.32200164794922,-1.0600051879882812,negative
2022-09-09,110.05000305175781,112.0,110.0,111.77999877929688,111.77999877929688,21732900,109.56800079345703,2.3600006103515625,low
2022-09-12,111.98999786376953,112.63999938964844,110.93000030517578,111.87000274658203,111.87000274658203,19732900,110.20600128173828,0.09000396728515625,low
2022-09-13,108.88999938964844,109.37000274658203,105.0,105.30999755859375,105.30999755859375,33015000,109.77200012207031,-6.560005187988281,negative
2022-09-14,105.44000244140625,106.0999984741211,104.5,105.87000274658203,105.87000274658203,22115800,108.85,0.5600051879882812,low
2022-09-15,105.01000213623047,106.20999908447266,103.30999755859375,103.9000015258789,103.9000015258789,26494900,107.74600067138672,-1.970001220703125,negative
2022-09-16,102.97000122070312,104.02999877929688,101.8550033569336,103.62999725341797,103.62999725341797,64540100,106.11600036621094,-0.2700042724609375,negative
2022-09-19,102.54000091552734,104.0199966430664,102.37000274658203,103.8499984741211,103.8499984741211,19738600,104.51199951171876,0.220001220703125,low
2022-09-20,102.87999725341797,103.16999816894531,101.12000274658203,101.83000183105469,101.83000183105469,24001700,103.81600036621094,-2.0199966430664062,negative
2022-09-21,102.23999786376953,103.48999786376953,99.98999786376953,100.01000213623047,100.01000213623047,26596800,102.64400024414063,-1.8199996948242188,negative
2022-09-22,99.44999694824219,101.68000030517578,99.41000366210938,100.56999969482422,100.56999969482422,21272700,101.97799987792969,0.55999755859375,low
2022-09-23,100.05999755859375,100.11000061035156,98.01000213623047,99.16999816894531,99.16999816894531,25657000,101.08600006103515,-1.4000015258789062,negative
2022-09-26,98.61000061035156,100.44000244140625,98.37999725341797,98.80999755859375,98.80999755859375,22437900,100.07799987792968,-0.3600006103515625,negative
2022-09-27,99.91000366210938,100.45999908447266,97.33999633789062,98.08999633789062,98.08999633789062,24225000,99.32999877929687,-0.720001220703125,negative
2022-09-28,98.0199966430664,101.4000015258789,97.80000305175781,100.73999786376953,100.73999786376953,24617000,99.47599792480469,2.6500015258789062,low
2022-09-29,99.30000305175781,99.30000305175781,96.5199966430664,98.08999633789062,98.08999633789062,21921500,98.97999725341796,-2.6500015258789062,negative
2022-09-30,97.7300033569336,99.49400329589844,96.02999877929688,96.1500015258789,96.1500015258789,26277800,98.3759979248047,-1.9399948120117188,negative
2022-10-03,97.22000122070312,99.97000122070312,97.0199966430664,99.30000305175781,99.30000305175781,24840000,98.4739990234375,3.1500015258789062,moderate
2022-10-04,101.04000091552734,102.72000122070312,101.04000091552734,102.41000366210938,102.41000366210938,22580900,99.33800048828125,3.1100006103515625,moderate
2022-10-05,100.69000244140625,102.73999786376953,99.73999786376953,102.22000122070312,102.22000122070312,18475500,99.63400115966797,-0.19000244140625,negative
2022-10-06,101.5,103.7300033569336,101.5,102.23999786376953,102.23999786376953,17156200,100.46400146484375,0.01999664306640625,low
2022-10-07,100.6500015258789,101.41999816894531,99.20999908447266,99.56999969482422,99.56999969482422,24249900,101.14800109863282,-2.6699981689453125,negative
2022-10-10,99.8499984741211,99.98999786376953,97.87000274658203,98.70999908447266,98.70999908447266,16529900,101.03000030517578,-0.8600006103515625,negative
2022-10-11,98.25,100.12000274658203,97.25,98.05000305175781,98.05000305175781,21617700,100.15800018310547,-0.6599960327148438,negative
2022-10-12,98.2699966430664,99.64800262451172,97.66999816894531,98.30000305175781,98.30000305175781,17343400,99.3740005493164,0.25,low
2022-10-13,95.93000030517578,100.52999877929688,95.2699966430664,99.70999908447266,99.70999908447266,32812200,98.86800079345703,1.4099960327148438,low
2022-10-14,100.625,101.29000091552734,97.02999877929688,97.18000030517578,97.18000030517578,22624800,98.39000091552734,-2.529998779296875,negative
2022-10-17,99.5199966430664,101.7699966430664,99.51000213623047,100.77999877929688,100.77999877929688,23311600,98.80400085449219,3.5999984741210938,moderate
2022-10-18,103.94000244140625,104.22000122070312,100.6500015258789,101.38999938964844,101.38999938964844,21610500,99.47200012207031,0.6100006103515625,low
2022-10-19,100.69999694824219,101.65899658203125,99.63500213623047,100.29000091552734,100.29000091552734,21573700,99.86999969482422,-1.0999984741210938,negative
2022-10-20,100.81999969482422,103.0,99.97000122070312,100.52999877929688,100.52999877929688,25125100,100.03399963378907,0.23999786376953125,low
2022-10-21,98.45999908447266,101.62000274658203,98.2300033569336,101.4800033569336,101.4800033569336,28988700,100.89400024414063,0.9500045776367188,low
2022-10-24,102.08999633789062,103.0999984741211,100.30000305175781,102.97000122070312,102.97000122070312,24680800,101.33200073242188,1.4899978637695312,low
2022-10-25,103.30000305175781,105.0999984741211,103.0199966430664,104.93000030517578,104.93000030517578,29910200,102.04000091552734,1.9599990844726562,low
2022-10-26,96.76000213623047,98.54000091552734,94.56999969482422,94.81999969482422,94.81999969482422,71504300,100.94600067138671,-10.110000610351562,negative
2022-10-27,94.30999755859375,95.16999816894531,91.9000015258789,92.5999984741211,92.5999984741211,54036500,99.36000061035156,-2.220001220703125,negative
2022-10-28,92.52999877929688,96.86000061035156,92.322998046875,96.58000183105469,96.58000183105469,35696900,98.38000030517578,3.9800033569335938,moderate
2022-10-31,95.77999877929688,96.3499984741211,94.37999725341797,94.66000366210938,94.66000366210938,29868700,96.71800079345704,-1.9199981689453125,negative
2022-11-01,95.58999633789062,96.16500091552734,90.43000030517578,90.5,90.5,43220600,93.83200073242188,-4.160003662109375,negative
2022-11-02,90.91000366210938,91.30000305175781,87.01000213623047,87.06999969482422,87.06999969482422,43553600,92.28200073242188,-3.4300003051757812,negative
2022-11-03,86.34500122070312,86.55000305175781,83.44999694824219,83.48999786376953,83.48999786376953,48510400,90.46000061035156,-3.5800018310546875,negative
2022-11-04,85.51000213623047,86.7300033569336,83.87999725341797,86.69999694824219,86.69999694824219,40173300,88.48399963378907,3.2099990844726562,moderate
2022-11-07,87.33999633789062,88.94000244140625,86.95999908447266,88.6500015258789,88.6500015258789,26899900,87.28199920654296,1.9500045776367188,low
2022-11-08,89.16000366210938,90.40499877929688,87.6500015258789,88.91000366210938,88.91000366210938,30172000,86.96399993896485,0.26000213623046875,low
2022-11-09,88.54499816894531,89.48999786376953,87.36000061035156,87.4000015258789,87.4000015258789,26743900,87.03000030517578,-1.5100021362304688,negative
2022-11-10,92.33999633789062,94.55000305175781,91.6500015258789,94.16999816894531,94.16999816894531,42371200,89.16600036621094,6.769996643066406,high
2022-11-11,94.70999908447266,97.36000061035156,94.16000366210938,96.7300033569336,96.7300033569336,30569100,91.17200164794922,2.5600051879882812,low
2022-11-14,95.5,97.18000030517578,95.11299896240234,96.02999877929688,96.02999877929688,24170100,92.64800109863282,-0.7000045776367188,negative
2022-11-15,98.66999816894531,100.41999816894531,97.0199966430664,98.72000122070312,98.72000122070312,31831000,94.61000061035156,2.69000244140625,low
2022-11-16,98.0199966430664,99.8499984741211,97.9020004272461,98.98999786376953,98.98999786376953,24660200,96.9279998779297,0.26999664306640625,low
2022-11-17,97.18000030517578,99.4800033569336,97.0999984741211,98.5,98.5,21818700,97.79400024414062,-0.48999786376953125,negative
2022-11-18,99.01000213623047,99.16000366210938,96.73999786376953,97.80000305175781,97.80000305175781,24969900,98.00800018310547,-0.6999969482421875,negative
2022-11-21,97.55999755859375,98.72000122070312,95.66999816894531,95.83000183105469,95.83000183105469,18696900,97.96800079345704,-1.970001220703125,negative
2022-11-22,96.16000366210938,97.5479965209961,94.41000366210938,97.33000183105469,97.33000183105469,18868900,97.69000091552735,1.5,low
2022-11-23,97.33999633789062,99.06900024414062,97.33999633789062,98.81999969482422,98.81999969482422,17568900,97.65600128173828,1.4899978637695312,low
2022-11-25,98.46499633789062,98.94000244140625,97.52999877929688,97.5999984741211,97.5999984741211,8567800,97.4760009765625,-1.220001220703125,negative
2022-11-28,97.19999694824219,97.83000183105469,95.88999938964844,96.25,96.25,19974500,97.16600036621094,-1.3499984741210938,negative
2022-11-29,96.0,96.38999938964844,94.38999938964844,95.44000244140625,95.44000244140625,20220000,97.08800048828125,-0.80999755859375,negative
2022-11-30,95.12000274658203,101.44999694824219,94.66999816894531,101.44999694824219,101.44999694824219,39888100,97.91199951171875,6.0099945068359375,high
2022-12-01,101.4000015258789,102.58999633789062,100.66999816894531,101.27999877929688,101.27999877929688,21771500,98.40399932861328,-0.1699981689453125,negative
2022-12-02,99.37000274658203,101.1500015258789,99.16999816894531,100.83000183105469,100.83000183105469,18821500,99.05,-0.4499969482421875,negative
2022-12-05,99.81500244140625,101.75,99.3550033569336,99.87000274658203,99.87000274658203,19955500,99.77400054931641,-0.9599990844726562,negative
2022-12-06,99.66999816894531,100.20999908447266,96.76000213623047,97.30999755859375,97.30999755859375,20877600,100.1479995727539,-2.5600051879882812,negative
2022-12-07,96.7699966430664,97.30999755859375,95.0250015258789,95.1500015258789,95.1500015258789,26647900,98.88800048828125,-2.1599960327148438,negative
2022-12-08,95.69000244140625,95.87000274658203,93.80000305175781,93.94999694824219,93.94999694824219,25593200,97.42200012207032,-1.2000045776367188,negative
2022-12-09,93.9000015258789,94.48999786376953,93.0199966430664,93.06999969482422,93.06999969482422,21885300,95.86999969482422,-0.8799972534179688,negative
2022-12-12,93.08999633789062,93.875,91.9000015258789,93.55999755859375,93.55999755859375,27380900,94.60799865722656,0.48999786376953125,low
2022-12-13,98.06999969482422,99.80000305175781,95.37999725341797,95.8499984741211,95.8499984741211,34788500,94.31599884033203,2.2900009155273438,low
2022-12-14,95.54000091552734,97.22000122070312,93.94000244140625,95.30999755859375,95.30999755859375,26452900,94.347998046875,-0.5400009155273438,negative
2022-12-15,93.54000091552734,94.02999877929688,90.43000030517578,91.19999694824219,91.19999694824219,28298800,93.797998046875,-4.1100006103515625,negative
2022-12-16,91.19999694824219,91.75,90.01000213623047,90.86000061035156,90.86000061035156,48485500,93.35599822998047,-0.339996337890625,negative
2022-12-19,90.87999725341797,91.19999694824219,88.92500305175781,89.1500015258789,89.1500015258789,23020500,92.4739990234375,-1.7099990844726562,negative
2022-12-20,88.7300033569336,89.77999877929688,88.04000091552734,89.62999725341797,89.62999725341797,21976800,91.22999877929688,0.4799957275390625,low
2022-12-21,89.7300033569336,90.91500091552734,88.91000366210938,90.25,90.25,20336400,90.21799926757812,0.6200027465820312,low
2022-12-22,88.93000030517578,89.18000030517578,86.94000244140625,88.26000213623047,88.26000213623047,23656100,89.63000030517578,-1.9899978637695312,negative
2022-12-23,87.62000274658203,90.0999984741211,87.62000274658203,89.80999755859375,89.80999755859375,17815000,89.41999969482421,1.5499954223632812,low
2022-12-27,89.30999755859375,89.5,87.53500366210938,87.93000030517578,87.93000030517578,15470900,89.17599945068359,-1.8799972534179688,negative
2022-12-28,87.5,88.5199966430664,86.37000274658203,86.45999908447266,86.45999908447266,17879600,88.54199981689453,-1.470001220703125,negative
2022-12-29,87.02999877929688,89.36499786376953,86.98999786376953,88.94999694824219,88.94999694824219,18280700,88.28199920654296,2.4899978637695312,low
2022-12-30,87.36499786376953,88.83000183105469,87.02999877929688,88.7300033569336,88.7300033569336,19190300,88.3759994506836,-0.21999359130859375,negative
2023-01-03,89.83000183105469,91.55000305175781,89.0199966430664,89.69999694824219,89.69999694824219,20738500,88.35399932861328,0.9699935913085938,low
2023-01-04,91.01000213623047,91.23999786376953,87.80000305175781,88.70999908447266,88.70999908447266,27046500,88.50999908447265,-0.9899978637695312,negative
2023-01-05,88.06999969482422,88.20999908447266,86.55999755859375,86.7699966430664,86.7699966430664,23136100,88.5719985961914,-1.94000244140625,negative
2023-01-06,87.36000061035156,88.47000122070312,85.56999969482422,88.16000366210938,88.16000366210938,26612600,88.41399993896485,1.3900070190429688,low
2023-01-09,89.19499969482422,90.83000183105469,88.58000183105469,88.80000305175781,88.80000305175781,22996700,88.4279998779297,0.6399993896484375,low
2023-01-10,86.72000122070312,89.4749984741211,86.69999694824219,89.23999786376953,89.23999786376953,22855600,88.33600006103515,0.43999481201171875,low
2023-01-11,90.05999755859375,92.44999694824219,89.73999786376953,92.26000213623047,92.26000213623047,25998800,89.04600067138672,3.0200042724609375,moderate
2023-01-12,92.4000015258789,92.62000274658203,90.56999969482422,91.91000366210938,91.91000366210938,22754200,90.07400207519531,-0.34999847412109375,negative
2023-01-13,91.52799987792969,92.9800033569336,90.93000030517578,92.80000305175781,92.80000305175781,18630700,91.002001953125,0.8899993896484375,low
2023-01-17,92.77999877929688,92.97000122070312,90.83999633789062,92.16000366210938,92.16000366210938,22935800,91.67400207519532,-0.6399993896484375,negative
2023-01-18,92.94000244140625,93.58799743652344,91.4000015258789,91.77999877929688,91.77999877929688,19641600,92.18200225830078,-0.3800048828125,negative
2023-01-19,91.38999938964844,94.4000015258789,91.37999725341797,93.91000366210938,93.91000366210938,28707700,92.51200256347656,2.1300048828125,low
2023-01-20,95.94999694824219,99.41999816894531,95.91000366210938,99.27999877929688,99.27999877929688,53704800,93.98600158691406,5.3699951171875,high
2023-01-23,99.12999725341797,101.4000015258789,98.75,101.20999908447266,101.20999908447266,31791800,95.66800079345703,1.9300003051757812,low
2023-01-24,99.55000305175781,101.08999633789062,98.69999694824219,99.20999908447266,99.20999908447266,27391400,97.07799987792968,-2.0,negative
2023-01-25,97.19999694824219,97.72000122070312,95.26200103759766,96.7300033569336,96.7300033569336,31000900,98.06800079345703,-2.4799957275390625,negative
2023-01-26,98.27999877929688,99.20999908447266,96.81999969482422,99.16000366210938,99.16000366210938,24542100,99.11800079345703,2.4300003051757812,low
2023-01-27,99.05000305175781,101.58000183105469,98.97000122070312,100.70999908447266,100.70999908447266,29020400,99.40400085449218,1.5499954223632812,low
2023-01-30,98.74500274658203,99.40899658203125,97.5199966430664,97.94999694824219,97.94999694824219,24365100,98.75200042724609,-2.7600021362304688,negative
2023-01-31,97.86000061035156,99.91000366210938,97.79000091552734,99.87000274658203,99.87000274658203,22306800,98.88400115966797,1.9200057983398438,low
2023-02-01,99.73999786376953,102.19000244140625,98.41999816894531,101.43000030517578,101.43000030517578,26392600,99.82400054931641,1.55999755859375,low
2023-02-02,106.79000091552734,108.81999969482422,106.54000091552734,108.80000305175781,108.80000305175781,46622600,101.75200042724609,7.370002746582031,high
2023-02-03,103.51000213623047,108.0199966430664,103.30000305175781,105.22000122070312,105.22000122070312,36823400,102.65400085449218,-3.5800018310546875,negative
2023-02-06,102.68499755859375,104.69999694824219,102.20999908447266,103.47000122070312,103.47000122070312,25573000,103.75800170898438,-1.75,negative
2023-02-07,103.62999725341797,108.66999816894531,103.5479965209961,108.04000091552734,108.04000091552734,33738800,105.39200134277344,4.569999694824219,moderate
2023-02-08,102.69000244140625,103.58000183105469,98.45500183105469,100.0,100.0,73546000,105.10600128173829,-8.040000915527344,negative
2023-02-09,100.54000091552734,100.61000061035156,93.86000061035156,95.45999908447266,95.45999908447266,97798600,102.43800048828125,-4.540000915527344,negative
2023-02-10,95.73999786376953,97.0199966430664,94.52999877929688,94.86000061035156,94.86000061035156,49325300,100.36600036621094,-0.5999984741210938,negative
2023-02-13,95.01000213623047,95.3499984741211,94.05000305175781,95.0,95.0,43116600,98.67200012207032,0.1399993896484375,low
2023-02-14,94.66000366210938,95.17500305175781,92.6500015258789,94.94999694824219,94.94999694824219,42513100,96.05399932861329,-0.0500030517578125,negative
2023-02-15,94.73999786376953,97.33999633789062,94.36000061035156,97.0999984741211,97.0999984741211,36964500,95.4739990234375,2.1500015258789062,low
2023-02-16,95.54000091552734,97.87999725341797,94.97000122070312,95.77999877929688,95.77999877929688,35642100,95.53799896240234,-1.3199996948242188,negative
2023-02-17,95.06999969482422,95.75,93.44999694824219,94.58999633789062,94.58999633789062,31095100,95.48399810791015,-1.19000244140625,negative
2023-02-21,93.23999786376953,93.41500091552734,92.0,92.05000305175781,92.05000305175781,28367200,94.89399871826171,-2.5399932861328125,negative
2023-02-22,91.93399810791016,92.36000061035156,90.87000274658203,91.80000305175781,91.80000305175781,29891100,94.26399993896484,-0.25,negative
2023-02-23,92.12999725341797,92.12999725341797,90.01000213623047,91.06999969482422,91.06999969482422,32423700,93.05800018310546,-0.7300033569335938,negative
2023-02-24,89.62999725341797,90.12999725341797,88.86000061035156,89.3499984741211,89.3499984741211,31295600,91.77200012207031,-1.720001220703125,negative
2023-02-27,90.08999633789062,90.44999694824219,89.61000061035156,90.0999984741211,90.0999984741211,22724300,90.8740005493164,0.75,low
2023-02-28,89.54000091552734,91.44999694824219,89.5199966430664,90.30000305175781,90.30000305175781,30546900,90.52400054931641,0.20000457763671875,low
2023-03-01,90.16000366210938,91.19999694824219,89.8499984741211,90.51000213623047,90.51000213623047,26323900,90.26600036621093,0.20999908447265625,low
2023-03-02,89.86000061035156,92.4800033569336,89.7699966430664,92.30999755859375,92.30999755859375,23328600,90.51399993896484,1.7999954223632812,low
2023-03-03,92.73999786376953,94.11000061035156,92.66000366210938,94.0199966430664,94.0199966430664,30242500,91.4479995727539,1.7099990844726562,low
2023-03-06,94.36000061035156,96.30000305175781,94.30000305175781,95.58000183105469,95.58000183105469,28288200,92.54400024414062,1.5600051879882812,low
2023-03-07,95.41999816894531,96.08999633789062,93.84400177001953,94.16999816894531,94.16999816894531,24101500,93.31799926757813,-1.410003662109375,negative
2023-03-08,94.40499877929688,96.23999786376953,94.40499877929688,94.6500015258789,94.6500015258789,25395200,94.14599914550782,0.48000335693359375,low
2023-03-09,94.48999786376953,95.91999816894531,92.3550033569336,92.66000366210938,92.66000366210938,24438900,94.21600036621093,-1.9899978637695312,negative
2023-03-10,92.5,93.18000030517578,90.80000305175781,91.01000213623047,91.01000213623047,32850100,93.61400146484375,-1.6500015258789062,negative
2023-03-13,90.56500244140625,93.08000183105469,89.94000244140625,91.66000366210938,91.66000366210938,31508600,92.83000183105469,0.6500015258789062,low
2023-03-14,93.06999969482422,94.83000183105469,92.77999877929688,94.25,94.25,32303900,92.84600219726562,2.589996337890625,low
2023-03-15,93.54000091552734,97.25,93.04000091552734,96.55000305175781,96.55000305175781,38367300,93.2260025024414,2.3000030517578125,low
2023-03-16,96.56999969482422,101.97000122070312,95.87000274658203,101.06999969482422,101.06999969482422,54499500,94.90800170898437,4.519996643066406,moderate
2023-03-17,100.83999633789062,103.48999786376953,100.75,102.45999908447266,102.45999908447266,76140300,97.19800109863282,1.3899993896484375,low
2023-03-20,101.05999755859375,102.58000183105469,100.79000091552734,101.93000030517578,101.93000030517578,26033900,99.25200042724609,-0.529998779296875,negative
2023-03-21,101.9800033569336,105.95999908447266,101.86000061035156,105.83999633789062,105.83999633789062,33122800,101.56999969482422,3.9099960327148438,moderate
2023-03-22,105.13999938964844,107.51000213623047,104.20999908447266,104.22000122070312,104.22000122070312,32336900,103.10399932861328,-1.6199951171875,negative
2023-03-23,105.88999938964844,107.10099792480469,105.41000366210938,106.26000213623047,106.26000213623047,31385800,104.14199981689453,2.0400009155273438,low
2023-03-24,105.73999786376953,106.16000366210938,104.73999786376953,106.05999755859375,106.05999755859375,25236200,104.86199951171875,-0.20000457763671875,negative
2023-03-27,105.31999969482422,105.4000015258789,102.62999725341797,103.05999755859375,103.05999755859375,25393400,105.08799896240234,-3.0,negative
2023-03-28,103.0,103.0,100.27999877929688,101.36000061035156,101.36000061035156,24913500,104.19199981689454,-1.6999969482421875,negative
2023-03-29,102.72000122070312,102.81999969482422,101.02999877929688,101.9000015258789,101.9000015258789,26148300,103.72799987792969,0.5400009155273438,low
2023-03-30,101.44000244140625,101.61000061035156,100.29000091552734,101.31999969482422,101.31999969482422,25009800,102.73999938964843,-0.5800018310546875,negative
2023-03-31,101.70999908447266,104.19000244140625,101.44000244140625,104.0,104.0,28108000,102.32799987792968,2.6800003051757812,low
2023-04-03,102.66999816894531,104.94999694824219,102.37999725341797,104.91000366210938,104.91000366210938,20719900,102.69800109863282,0.910003662109375,low
2023-04-04,104.83999633789062,106.0999984741211,104.5999984741211,105.12000274658203,105.12000274658203,20377200,103.4500015258789,0.20999908447265625,low
2023-04-05,106.12000274658203,106.54000091552734,104.10199737548828,104.94999694824219,104.94999694824219,21864200,104.06000061035157,-0.17000579833984375,negative
2023-04-06,105.7699966430664,109.62999725341797,104.81500244140625,108.9000015258789,108.9000015258789,34684200,105.5760009765625,3.9500045776367188,moderate
2023-04-10,107.38999938964844,107.97000122070312,105.5999984741211,106.94999694824219,106.94999694824219,19741500,106.16600036621094,-1.9500045776367188,negative
2023-04-11,106.91999816894531,107.22000122070312,105.27999877929688,106.12000274658203,106.12000274658203,18721300,106.40800018310547,-0.8299942016601562,negative
2023-04-12,107.38999938964844,107.58699798583984,104.97000122070312,105.22000122070312,105.22000122070312,22761600,106.4279998779297,-0.9000015258789062,negative
2023-04-13,106.47000122070312,108.26499938964844,106.44000244140625,108.19000244140625,108.19000244140625,21650700,107.0760009765625,2.970001220703125,low
2023-04-14,107.69000244140625,109.58000183105469,107.58999633789062,109.45999908447266,109.45999908447266,20758700,107.18800048828125,1.2699966430664062,low
2023-04-17,105.43000030517578,106.70999908447266,105.31999969482422,106.41999816894531,106.41999816894531,29043400,107.08200073242188,-3.0400009155273438,negative
2023-04-18,107.0,107.05000305175781,104.77999877929688,105.12000274658203,105.12000274658203,17641400,106.88200073242187,-1.2999954223632812,negative
2023-04-19,104.21499633789062,105.7249984741211,103.80000305175781,105.0199966430664,105.0199966430664,16732000,106.84199981689453,-0.100006103515625,negative
2023-04-20,104.6500015258789,106.88800048828125,104.63999938964844,105.9000015258789,105.9000015258789,22515300,106.38399963378906,0.8800048828125,low
2023-04-21,106.08999633789062,106.63999938964844,105.48500061035156,105.91000366210938,105.91000366210938,22379000,105.6740005493164,0.01000213623046875,low
2023-04-24,106.05000305175781,107.31999969482422,105.36000061035156,106.77999877929688,106.77999877929688,21410900,105.74600067138672,0.8699951171875,low
2023-04-25,106.61000061035156,107.44000244140625,104.55999755859375,104.61000061035156,104.61000061035156,31408100,105.64400024414063,-2.1699981689453125,negative
2023-04-26,105.55999755859375,107.0199966430664,103.2699966430664,104.44999694824219,104.44999694824219,37068200,105.53000030517578,-0.160003662109375,negative
2023-04-27,105.2300033569336,109.1500015258789,104.41999816894531,108.37000274658203,108.37000274658203,38235200,106.02400054931641,3.9200057983398438,moderate
2023-04-28,107.80000305175781,108.29000091552734,106.04000091552734,108.22000122070312,108.22000122070312,23957900,106.48600006103516,-0.15000152587890625,negative
2023-05-01,107.72000122070312,108.68000030517578,107.5,107.70999908447266,107.70999908447266,20926300,106.67200012207032,-0.5100021362304688,negative
2023-05-02,107.66000366210938,107.7300033569336,104.5,105.9800033569336,105.9800033569336,20343100,106.94600067138671,-1.7299957275390625,negative
2023-05-03,106.22000122070312,108.12999725341797,105.62000274658203,106.12000274658203,106.12000274658203,17116300,107.28000183105469,0.1399993896484375,low
2023-05-04,106.16000366210938,106.30000305175781,104.69999694824219,105.20999908447266,105.20999908447266,19780600,106.64800109863282,-0.910003662109375,negative
2023-05-05,105.31999969482422,106.44000244140625,104.73899841308594,106.21499633789062,106.21499633789062,20705300,106.24700012207032,1.0049972534179688,low
2023-05-08,105.79499816894531,108.41999816894531,105.79000091552734,108.23999786376953,108.23999786376953,17266000,106.35299987792969,2.0250015258789062,low
2023-05-09,108.77999877929688,110.59500122070312,107.7249984741211,107.94000244140625,107.94000244140625,24782400,106.74499969482422,-0.29999542236328125,negative
2023-05-10,108.55000305175781,113.51000213623047,108.4800033569336,112.27999877929688,112.27999877929688,47533500,107.97699890136718,4.339996337890625,moderate
2023-05-11,115.86000061035156,118.44000244140625,114.93000030517578,116.9000015258789,116.9000015258789,57115100,110.31499938964843,4.620002746582031,moderate
2023-05-12,117.0,118.26000213623047,116.55000305175781,117.91999816894531,117.91999816894531,31272500,112.65599975585937,1.0199966430664062,low
2023-05-15,116.48999786376953,118.79499816894531,116.4800033569336,116.95999908447266,116.95999908447266,22107900,114.4,-0.9599990844726562,negative
2023-05-16,116.83000183105469,121.19999694824219,116.83000183105469,120.08999633789062,120.08999633789062,32370100,116.82999877929687,3.1299972534179688,moderate
2023-05-17,120.18000030517578,122.27999877929688,119.45999908447266,121.4800033569336,121.4800033569336,26659600,118.66999969482421,1.3900070190429688,low
2023-05-18,121.55999755859375,123.9000015258789,121.48999786376953,123.5199966430664,123.5199966430664,27014500,119.99399871826172,2.0399932861328125,low
2023-05-19,124.19999694824219,126.47899627685547,122.72000122070312,123.25,123.25,30251300,121.05999908447265,-0.26999664306640625,negative
2023-05-22,123.51000213623047,127.05000305175781,123.44999694824219,125.87000274658203,125.87000274658203,29760200,122.84199981689453,2.6200027465820312,low
2023-05-23,124.93000030517578,125.41999816894531,123.05000305175781,123.29000091552734,123.29000091552734,24477900,123.48200073242188,-2.5800018310546875,negative
2023-05-24,121.87999725341797,122.75,120.75,121.63999938964844,121.63999938964844,23087900,123.51399993896484,-1.6500015258789062,negative
2023-05-25,125.20999908447266,125.9800033569336,122.9000015258789,124.3499984741211,124.3499984741211,33812700,123.68000030517578,2.7099990844726562,low
2023-05-26,124.06500244140625,126.0,123.29000091552734,125.43000030517578,125.43000030517578,25154700,124.11600036621094,1.0800018310546875,low
2023-05-30,126.29000091552734,126.37999725341797,122.88999938964844,124.63999938964844,124.63999938964844,27230700,123.86999969482422,-0.7900009155273438,negative
2023-05-31,123.69999694824219,124.9000015258789,123.0999984741211,123.37000274658203,123.37000274658203,41548800,123.88600006103516,-1.2699966430664062,negative
2023-06-01,123.5,125.04000091552734,123.30000305175781,124.37000274658203,124.37000274658203,25017700,124.43200073242187,1.0,low
2023-06-02,124.48999786376953,126.74500274658203,124.3499984741211,125.2300033569336,125.2300033569336,19362400,124.60800170898438,0.8600006103515625,low
2023-06-05,124.61000061035156,127.98999786376953,124.37999725341797,126.62999725341797,126.62999725341797,22672500,124.8480010986328,1.399993896484375,low
2023-06-06,126.5999984741211,128.8800048828125,125.97000122070312,127.91000366210938,127.91000366210938,19450100,125.502001953125,1.2800064086914062,low
2023-06-07,127.57499694824219,129.5500030517578,122.62999725341797,122.94000244140625,122.94000244140625,34179300,125.41600189208984,-4.970001220703125,negative
2023-06-08,122.58499908447266,123.7300033569336,122.01000213623047,122.66999816894531,122.66999816894531,24815000,125.0760009765625,-0.2700042724609375,negative
2023-06-09,122.55999755859375,124.28500366210938,122.41999816894531,122.87000274658203,122.87000274658203,20304500,124.60400085449218,0.20000457763671875,low
2023-06-12,123.3949966430664,124.75,122.3499984741211,124.3499984741211,124.3499984741211,22255700,124.14800109863282,1.4799957275390625,low
2023-06-13,125.6500015258789,125.86000061035156,123.84500122070312,124.43000030517578,124.43000030517578,19287700,123.45200042724609,0.0800018310546875,low
2023-06-14,123.80000305175781,124.79000091552734,122.16000366210938,124.37999725341797,124.37999725341797,24659600,123.73999938964843,-0.0500030517578125,negative
2023-06-15,123.87999725341797,126.16000366210938,123.13999938964844,125.79000091552734,125.79000091552734,24517100,124.36399993896484,1.410003662109375,low
2023-06-16,126.69999694824219,126.69999694824219,123.79000091552734,124.05999755859375,124.05999755859375,56686800,124.60199890136718,-1.7300033569335938,negative
2023-06-20,123.53500366210938,125.17500305175781,122.83000183105469,123.8499984741211,123.8499984741211,22698000,124.50199890136719,-0.20999908447265625,negative
2023-06-21,123.23500061035156,123.41000366210938,120.86000061035156,121.26000213623047,121.26000213623047,22612000,123.86799926757813,-2.589996337890625,negative
2023-06-22,120.66000366210938,123.93499755859375,119.5999984741211,123.87000274658203,123.87000274658203,20781900,123.76600036621093,2.6100006103515625,low
2023-06-23,122.04000091552734,123.44000244140625,121.86000061035156,123.0199966430664,123.0199966430664,29542900,123.21199951171874,-0.850006103515625,negative
2023-06-26,121.46600341796875,122.72000122070312,118.98999786376953,119.08999633789062,119.08999633789062,23185000,122.21799926757812,-3.9300003051757812,negative
2023-06-27,117.83999633789062,119.8949966430664,116.91000366210938,119.01000213623047,119.01000213623047,27221700,121.25,-0.07999420166015625,negative
2023-06-28,117.95999908447266,121.2699966430664,117.5999984741211,121.08000183105469,121.08000183105469,19753100,121.21399993896485,2.0699996948242188,low
2023-06-29,120.08999633789062,120.91000366210938,119.20999908447266,120.01000213623047,120.01000213623047,18517500,120.44199981689454,-1.0699996948242188,negative
2023-06-30,121.0999984741211,122.02999877929688,120.87999725341797,120.97000122070312,120.97000122070312,23865800,120.03200073242188,0.9599990844726562,low
2023-07-03,120.31999969482422,121.0199966430664,119.70500183105469,120.55999755859375,120.55999755859375,13888300,120.3260009765625,-0.410003662109375,negative
2023-07-05,120.05999755859375,123.37000274658203,120.05999755859375,122.62999725341797,122.62999725341797,17830300,121.05,2.0699996948242188,low
2023-07-06,120.63999938964844,121.1500015258789,119.25,120.93000030517578,120.93000030517578,17732500,121.01999969482422,-1.6999969482421875,negative
2023-07-07,120.88999938964844,121.75,120.08999633789062,120.13999938964844,120.13999938964844,20982400,121.0459991455078,-0.7900009155273438,negative
2023-07-10,119.06999969482422,119.06999969482422,116.63999938964844,116.87000274658203,116.87000274658203,32960100,120.22599945068359,-3.2699966430664062,negative
2023-07-11,116.76000213623047,118.2249984741211,115.83000183105469,117.70999908447266,117.70999908447266,18286600,119.65599975585937,0.839996337890625,low
2023-07-12,119.30000305175781,120.95999908447266,119.0,119.62000274658203,119.62000274658203,22059600,119.05400085449219,1.910003662109375,low
2023-07-13,121.54000091552734,125.33499908447266,121.05999755859375,124.83000183105469,124.83000183105469,31535900,119.83400115966796,5.209999084472656,high
2023-07-14,125.12999725341797,127.08999633789062,124.9000015258789,125.69999694824219,125.69999694824219,20482800,120.94600067138671,0.8699951171875,low
2023-07-17,126.05999755859375,127.27999877929688,124.5,125.05999755859375,125.05999755859375,20675300,122.58399963378906,-0.6399993896484375,negative
2023-07-18,124.90499877929688,124.98999786376953,123.30000305175781,124.08000183105469,124.08000183105469,21071200,123.85800018310547,-0.9799957275390625,negative
2023-07-19,124.79000091552734,125.47000122070312,122.47000122070312,122.77999877929688,122.77999877929688,22313800,124.48999938964843,-1.3000030517578125,negative
2023-07-20,122.12000274658203,124.69999694824219,118.68499755859375,119.52999877929688,119.52999877929688,27541700,123.42999877929688,-3.25,negative
2023-07-21,120.87000274658203,121.30000305175781,119.06999969482422,120.30999755859375,120.30999755859375,56498100,122.35199890136718,0.779998779296875,low
2023-07-24,121.9260025024414,123.3499984741211,121.37999725341797,121.87999725341797,121.87999725341797,22276100,121.71599884033203,1.5699996948242188,low
2023-07-25,121.87999725341797,123.69000244140625,121.52999877929688,122.79000091552734,122.79000091552734,31820800,121.45799865722657,0.910003662109375,low
2023-07-26,130.36000061035156,131.3699951171875,128.7100067138672,129.66000366210938,129.66000366210938,46216900,122.83399963378906,6.870002746582031,high
2023-07-27,131.8000030517578,133.60000610351562,129.17999267578125,129.8699951171875,129.8699951171875,35931600,124.9019989013672,0.209991455078125,low
2023-07-28,130.97000122070312,134.07000732421875,130.9199981689453,133.00999450683594,133.00999450683594,26971000,127.44199829101562,3.1399993896484375,moderate
2023-07-31,133.00999450683594,133.8300018310547,132.1300048828125,133.11000061035156,133.11000061035156,18381900,129.68799896240233,0.100006103515625,low
2023-08-01,130.85499572753906,132.9199981689453,130.75,131.88999938964844,131.88999938964844,22154300,131.50799865722655,-1.220001220703125,negative
2023-08-02,129.83999633789062,130.4199981689453,127.8499984741211,128.63999938964844,128.63999938964844,22705800,131.3039978027344,-3.25,negative
2023-08-03,128.3699951171875,129.77000427246094,127.7750015258789,128.77000427246094,128.77000427246094,15018100,131.08399963378906,0.1300048828125,low
2023-08-04,129.60000610351562,131.92999267578125,128.31500244140625,128.5399932861328,128.5399932861328,20509500,130.18999938964845,-0.230010986328125,negative
2023-08-07,129.50999450683594,132.05999755859375,129.42999267578125,131.94000244140625,131.94000244140625,17621000,129.95599975585938,3.4000091552734375,moderate
2023-08-08,130.97999572753906,131.94000244140625,130.1300048828125,131.83999633789062,131.83999633789062,16836000,129.9459991455078,-0.100006103515625,negative
2023-08-09,132.19000244140625,132.47000122070312,129.5050048828125,130.14999389648438,130.14999389648438,17745200,130.247998046875,-1.69000244140625,negative
2023-08-10,131.97000122070312,132.64700317382812,130.03500366210938,130.2100067138672,130.2100067138672,17855700,130.53599853515624,0.0600128173828125,low
2023-08-11,129.20199584960938,130.44000244140625,128.75,130.1699981689453,130.1699981689453,15191500,130.86199951171875,-0.040008544921875,negative
2023-08-14,129.85000610351562,131.91000366210938,129.58999633789062,131.8300018310547,131.8300018310547,17526200,130.83999938964843,1.660003662109375,low
2023-08-15,131.58999633789062,131.99000549316406,129.81900024414062,130.27000427246094,130.27000427246094,14769200,130.5260009765625,-1.55999755859375,negative
2023-08-16,129.27999877929688,130.8979949951172,128.4600067138672,129.11000061035156,129.11000061035156,17548400,130.31800231933593,-1.160003662109375,negative
2023-08-17,130.4499969482422,132.49099731445312,129.85000610351562,130.4600067138672,130.4600067138672,23665600,130.36800231933594,1.350006103515625,low
2023-08-18,129.05999755859375,129.8300018310547,127.0,128.11000061035156,128.11000061035156,23619400,129.95600280761718,-2.350006103515625,negative
2023-08-21,127.8499984741211,129.25999450683594,127.16000366210938,128.92999267578125,128.92999267578125,21851100,129.3760009765625,0.8199920654296875,low
2023-08-22,129.1300048828125,130.9499969482422,128.9250030517578,129.69000244140625,129.69000244140625,15569400,129.26000061035157,0.760009765625,low
2023-08-23,130.85000610351562,134.07000732421875,130.50999450683594,133.2100067138672,133.2100067138672,26497000,130.0800018310547,3.5200042724609375,moderate
2023-08-24,134.7270050048828,134.97000122070312,130.3000030517578,130.4199981689453,130.4199981689453,18680400,130.0720001220703,-2.790008544921875,negative
2023-08-25,130.13999938964844,131.39999389648438,128.0399932861328,130.69000244140625,130.69000244140625,20678100,130.58800048828124,0.2700042724609375,low
2023-08-28,132.0800018310547,133.24000549316406,130.85000610351562,131.7899932861328,131.7899932861328,16715500,131.16000061035157,1.0999908447265625,low
2023-08-29,132.9980010986328,137.2949981689453,132.97999572753906,135.49000549316406,135.49000549316406,30803300,132.32000122070312,3.70001220703125,moderate
2023-08-30,135.57000732421875,137.25,135.02099609375,136.92999267578125,136.92999267578125,21773400,133.06399841308593,1.4399871826171875,low
2023-08-31,137.0500030517578,138.39999389648438,136.82000732421875,137.35000610351562,137.35000610351562,28147900,134.45,0.420013427734375,low
2023-09-01,138.42999267578125,138.5800018310547,135.94000244140625,136.8000030517578,136.8000030517578,16665700,135.6720001220703,-0.5500030517578125,negative
2023-09-05,136.44000244140625,137.3699951171875,135.55999755859375,136.7100067138672,136.7100067138672,17730200,136.6560028076172,-0.089996337890625,negative
2023-09-06,137.01499938964844,137.47999572753906,134.69000244140625,135.3699951171875,135.3699951171875,15814300,136.6320007324219,-1.3400115966796875,negative
2023-09-07,134.60000610351562,136.5800018310547,133.9600067138672,136.1999969482422,136.1999969482422,16976000,136.48600158691406,0.8300018310546875,low
2023-09-08,135.8699951171875,137.51499938964844,135.8699951171875,137.1999969482422,137.1999969482422,17810700,136.45599975585938,1.0,low
2023-09-11,137.3800048828125,138.26400756835938,136.5500030517578,137.74000549316406,137.74000549316406,17180800,136.6440002441406,0.540008544921875,low
2023-09-12,137.1300048828125,137.63999938964844,135.92999267578125,136.07000732421875,136.07000732421875,15212900,136.51600036621093,-1.6699981689453125,negative
2023-09-13,135.89999389648438,137.6999969482422,134.92999267578125,137.5,137.5,16394900,136.94200134277344,1.42999267578125,low
2023-09-14,138.38999938964844,139.5500030517578,137.05999755859375,138.99000549316406,138.99000549316406,19064600,137.5000030517578,1.4900054931640625,low
2023-09-15,138.8000030517578,139.36000061035156,137.17999267578125,138.3000030517578,138.3000030517578,48947600,137.72000427246093,-0.69000244140625,negative
2023-09-18,137.6300048828125,139.92999267578125,137.6300048828125,138.9600067138672,138.9600067138672,16233600,137.96400451660156,0.660003662109375,low
2023-09-19,138.25,139.1750030517578,137.5,138.8300018310547,138.8300018310547,15479100,138.51600341796876,-0.1300048828125,negative
2023-09-20,138.8300018310547,138.83999633789062,134.52000427246094,134.58999633789062,134.58999633789062,21473500,137.9340026855469,-4.2400054931640625,negative
2023-09-21,132.38999938964844,133.19000244140625,131.08999633789062,131.36000061035156,131.36000061035156,22042700,136.4080017089844,-3.2299957275390625,negative
2023-09-22,131.67999267578125,133.00999450683594,130.50999450683594,131.25,131.25,17348700,134.9980010986328,-0.1100006103515625,negative
2023-09-25,130.77000427246094,132.22000122070312,130.02999877929688,132.1699981689453,132.1699981689453,14650000,133.63999938964844,0.9199981689453125,low
2023-09-26,130.91400146484375,131.40499877929688,128.19000244140625,129.4499969482422,129.4499969482422,20378800,131.76399841308594,-2.720001220703125,negative
2023-09-27,129.44000244140625,131.72000122070312,129.3800048828125,131.4600067138672,131.4600067138672,18764200,131.13800048828125,2.010009765625,low
2023-09-28,130.69000244140625,134.17999267578125,130.69000244140625,133.1300048828125,133.1300048828125,18201400,131.49200134277345,1.6699981689453125,low
2023-09-29,134.0800018310547,134.88999938964844,131.32000732421875,131.85000610351562,131.85000610351562,23224200,131.61200256347655,-1.279998779296875,negative
2023-10-02,132.15499877929688,135.36000061035156,132.06500244140625,135.1699981689453,135.1699981689453,19210400,132.21200256347657,3.3199920654296875,moderate
2023-10-03,134.92999267578125,135.24000549316406,132.81500244140625,133.3000030517578,133.3000030517578,19628700,132.98200378417968,-1.8699951171875,negative
2023-10-04,133.66000366210938,136.57000732421875,133.42999267578125,136.27000427246094,136.27000427246094,22848000,133.94400329589843,2.970001220703125,low
2023-10-05,136.1300048828125,136.5,134.4550018310547,135.99000549316406,135.99000549316406,15922900,134.51600341796876,-0.279998779296875,negative
2023-10-06,134.94000244140625,139.18600463867188,134.94000244140625,138.72999572753906,138.72999572753906,20819300,135.89200134277343,2.739990234375,low
2023-10-09,137.99000549316406,139.97000122070312,136.6999969482422,139.5,139.5,16599100,136.75800170898438,0.7700042724609375,low
2023-10-10,139.50999450683594,140.74000549316406,138.42999267578125,139.1999969482422,139.1999969482422,19554900,137.93800048828126,-0.3000030517578125,negative
2023-10-11,139.85000610351562,142.22000122070312,139.83999633789062,141.6999969482422,141.6999969482422,20146300,139.0239990234375,2.5,low
2023-10-12,142.16000366210938,142.3800048828125,139.4499969482422,140.2899932861328,140.2899932861328,18173100,139.88399658203124,-1.410003662109375,negative
2023-10-13,140.64999389648438,141.33999633789062,137.97000122070312,138.5800018310547,138.5800018310547,19438700,139.85399780273437,-1.709991455078125,negative
2023-10-16,139.72999572753906,140.90499877929688,139.32000732421875,140.49000549316406,140.49000549316406,17345600,140.0519989013672,1.910003662109375,low
2023-10-17,140.02999877929688,141.25,138.5290069580078,140.99000549316406,140.99000549316406,17424000,140.41000061035157,0.5,low
2023-10-18,140.75,141.99000549316406,138.7050018310547,139.27999877929688,139.27999877929688,18304900,139.9260009765625,-1.7100067138671875,negative
2023-10-19,139.8000030517578,141.0050048828125,138.60000610351562,138.97999572753906,138.97999572753906,21831200,139.66400146484375,-0.3000030517578125,negative
2023-10-20,138.58999633789062,139.0399932861328,136.2449951171875,136.74000549316406,136.74000549316406,24953900,139.29600219726564,-2.239990234375,negative
2023-10-23,136.22999572753906,139.02000427246094,135.11000061035156,137.89999389648438,137.89999389648438,20780700,138.7779998779297,1.1599884033203125,low
2023-10-24,139.16000366210938,140.7100067138672,138.75,140.1199951171875,140.1199951171875,26535200,138.60399780273437,2.220001220703125,low
2023-10-25,129.77000427246094,130.10000610351562,126.08999633789062,126.66999816894531,126.66999816894531,58796100,136.08199768066407,-13.449996948242188,negative
2023-10-26,124.47000122070312,125.45999908447266,122.31999969482422,123.44000244140625,123.44000244140625,33907400,132.9739990234375,-3.2299957275390625,negative
2023-10-27,124.02999877929688,124.44000244140625,121.45999908447266,123.4000015258789,123.4000015258789,37367700,130.30599822998047,-0.04000091552734375,negative
2023-10-30,124.45999908447266,126.55000305175781,123.87999725341797,125.75,125.75,24165600,127.8759994506836,2.3499984741210938,low
2023-10-31,126.2699966430664,126.55999755859375,123.92500305175781,125.30000305175781,125.30000305175781,21123400,124.91200103759766,-0.4499969482421875,negative
2023-11-01,125.33999633789062,127.73999786376953,124.92500305175781,127.56999969482422,127.56999969482422,26536600,125.09200134277344,2.2699966430664062,low
2023-11-02,129.55999755859375,130.08999633789062,128.11000061035156,128.5800018310547,128.5800018310547,24091700,126.12000122070313,1.0100021362304688,low
2023-11-03,129.08999633789062,130.72999572753906,129.00999450683594,130.3699951171875,130.3699951171875,19517900,127.51399993896484,1.7899932861328125,low
2023-11-06,130.22000122070312,131.55999755859375,129.92999267578125,131.4499969482422,131.4499969482422,15360400,128.65399932861328,1.0800018310546875,low
2023-11-07,131.97999572753906,133.27999877929688,131.13999938964844,132.39999389648438,132.39999389648438,19223800,130.0739974975586,0.9499969482421875,low
2023-11-08,132.36000061035156,133.5399932861328,132.16000366210938,133.25999450683594,133.25999450683594,15093600,131.21199645996094,0.8600006103515625,low
2023-11-09,133.36000061035156,133.9600067138672,131.50999450683594,131.69000244140625,131.69000244140625,17976500,131.83399658203126,-1.5699920654296875,negative
2023-11-10,131.52999877929688,134.27000427246094,130.8699951171875,134.05999755859375,134.05999755859375,20872900,132.5719970703125,2.3699951171875,low
2023-11-13,133.36000061035156,134.11000061035156,132.77000427246094,133.63999938964844,133.63999938964844,16409900,133.00999755859374,-0.4199981689453125,negative
2023-11-14,135.64999389648438,137.24000549316406,135.10000610351562,135.42999267578125,135.42999267578125,22317300,133.61599731445312,1.7899932861328125,low
2023-11-15,136.63999938964844,136.83999633789062,135.3300018310547,136.3800048828125,136.3800048828125,15840900,134.23999938964843,0.95001220703125,low
2023-11-16,136.9600067138672,138.8800048828125,136.0800018310547,138.6999969482422,138.6999969482422,17615100,135.64199829101562,2.3199920654296875,low
2023-11-17,137.82000732421875,138.0,135.47999572753906,136.94000244140625,136.94000244140625,25565300,136.21799926757814,-1.7599945068359375,negative
2023-11-20,135.5,138.4250030517578,135.49000549316406,137.9199981689453,137.9199981689453,19569400,137.0739990234375,0.9799957275390625,low
2023-11-21,137.94000244140625,138.96499633789062,137.7050018310547,138.6199951171875,138.6199951171875,17648100,137.71199951171874,0.6999969482421875,low
2023-11-22,139.10000610351562,141.10000610351562,139.0,140.02000427246094,140.02000427246094,17306400,138.43999938964845,1.4000091552734375,low
2023-11-24,139.5399932861328,139.677001953125,137.47000122070312,138.22000122070312,138.22000122070312,8828600,138.34400024414063,-1.8000030517578125,negative
2023-11-27,137.57000732421875,139.6300048828125,137.5399932861328,138.0500030517578,138.0500030517578,17886400,138.56600036621094,-0.1699981689453125,negative
2023-11-28,137.6300048828125,138.66000366210938,137.0399932861328,138.6199951171875,138.6199951171875,17046900,138.70599975585938,0.5699920654296875,low
2023-11-29,138.98500061035156,139.6699981689453,136.2949981689453,136.39999389648438,136.39999389648438,21014700,138.26199951171876,-2.220001220703125,negative
2023-11-30,136.39999389648438,136.9600067138672,132.7899932861328,133.9199981689453,133.9199981689453,29913500,137.04199829101563,-2.4799957275390625,negative
2023-12-01,133.32000732421875,133.5,132.15199279785156,133.32000732421875,133.32000732421875,24258400,136.06199951171874,-0.5999908447265625,negative
2023-12-04,131.29400634765625,131.4499969482422,129.39999389648438,130.6300048828125,130.6300048828125,24117100,134.5779998779297,-2.69000244140625,negative
2023-12-05,130.3699951171875,133.5399932861328,129.72999572753906,132.38999938964844,132.38999938964844,19235100,133.33200073242188,1.7599945068359375,low
2023-12-06,132.89999389648438,133.30999755859375,131.30999755859375,131.42999267578125,131.42999267578125,16360600,132.33800048828124,-0.9600067138671875,negative
2023-12-07,136.60000610351562,140.0,136.22999572753906,138.4499969482422,138.4499969482422,38419400,133.24400024414064,7.0200042724609375,high
2023-12-08,135.66000366210938,137.99000549316406,135.57000732421875,136.63999938964844,136.63999938964844,22990900,133.90799865722656,-1.80999755859375,negative
2023-12-11,133.82000732421875,134.7899932861328,132.88999938964844,134.6999969482422,134.6999969482422,24502900,134.7219970703125,-1.94000244140625,negative
2023-12-12,133.27000427246094,134.5399932861328,132.8300018310547,133.63999938964844,133.63999938964844,26584000,134.9719970703125,-1.05999755859375,negative
2023-12-13,134.5449981689453,134.77999877929688,132.9499969482422,133.97000122070312,133.97000122070312,25414500,135.47999877929686,0.3300018310546875,low
2023-12-14,134.77000427246094,135.03500366210938,131.05999755859375,133.1999969482422,133.1999969482422,29619100,134.42999877929688,-0.7700042724609375,negative
2023-12-15,132.9199981689453,134.8300018310547,132.6300048828125,133.83999633789062,133.83999633789062,58569400,133.8699981689453,0.6399993896484375,low
2023-12-18,133.86000061035156,138.3800048828125,133.77000427246094,137.19000244140625,137.19000244140625,25699800,134.3679992675781,3.350006103515625,moderate
2023-12-19,138.0,138.77000427246094,137.4499969482422,138.10000610351562,138.10000610351562,20661000,135.26000061035157,0.910003662109375,low
2023-12-20,140.3300018310547,143.0780029296875,139.41000366210938,139.66000366210938,139.66000366210938,33507300,136.39800109863282,1.55999755859375,low
2023-12-21,140.77000427246094,142.02999877929688,140.47300720214844,141.8000030517578,141.8000030517578,18101500,138.11800231933594,2.1399993896484375,low
2023-12-22,142.1300048828125,143.25,142.05499267578125,142.72000122070312,142.72000122070312,18494700,139.89400329589844,0.9199981689453125,low
2023-12-26,142.97999572753906,143.94500732421875,142.5,142.82000732421875,142.82000732421875,11170100,141.02000427246094,0.100006103515625,low
2023-12-27,142.8300018310547,143.32000732421875,141.05099487304688,141.44000244140625,141.44000244140625,17288400,141.68800354003906,-1.3800048828125,negative
2023-12-28,141.85000610351562,142.27000427246094,140.8280029296875,141.27999877929688,141.27999877929688,12192500,142.01200256347656,-0.160003662109375,negative
2023-12-29,140.67999267578125,141.43499755859375,139.89999389648438,140.92999267578125,140.92999267578125,14872700,141.83800048828124,-0.350006103515625,negative
2024-01-02,139.60000610351562,140.61500549316406,137.74000549316406,139.55999755859375,139.55999755859375,20071900,141.20599975585938,-1.3699951171875,negative
2024-01-03,138.60000610351562,141.08999633789062,138.42999267578125,140.36000061035156,140.36000061035156,18974300,140.71399841308593,0.8000030517578125,low
2024-01-04,139.85000610351562,140.63499450683594,138.00999450683594,138.0399932861328,138.0399932861328,18253300,140.03399658203125,-2.32000732421875,negative
2024-01-05,138.3520050048828,138.80999755859375,136.85000610351562,137.38999938964844,137.38999938964844,15433200,139.25599670410156,-0.649993896484375,negative
2024-01-08,138.0,140.63999938964844,137.8800048828125,140.52999877929688,140.52999877929688,17645300,139.17599792480468,3.1399993896484375,moderate
2024-01-09,140.05999755859375,142.8000030517578,139.7899932861328,142.55999755859375,142.55999755859375,19579700,139.7759979248047,2.029998779296875,low
2024-01-10,142.52000427246094,144.52499389648438,142.4600067138672,143.8000030517578,143.8000030517578,16641900,140.46399841308593,1.2400054931640625,low
2024-01-11,144.89500427246094,146.66000366210938,142.21499633789062,143.6699981689453,143.6699981689453,17471100,141.58999938964843,-0.1300048828125,negative
