Date,Open,High,Low,Close,Adj Close,Volume,Moving Average,Daily Return MSFT,Trends
2022-01-12,319.6700134277344,323.4100036621094,317.0799865722656,318.2699890136719,312.5441589355469,34372200,0.0,0.0,low
2022-01-13,320.4700012207031,320.8800048828125,304.0,304.79998779296875,299.31646728515625,45366000,0.0,-13.470001220703125,negative
2022-01-14,304.25,310.82000732421875,303.75,310.20001220703125,304.61932373046875,39846400,0.0,5.4000244140625,high
2022-01-18,304.07000732421875,309.79998779296875,301.739990234375,302.6499938964844,297.2051696777344,42333200,0.0,-7.550018310546875,negative
2022-01-19,306.2900085449219,313.9100036621094,302.70001220703125,303.3299865722656,297.8729553222656,45933900,307.84999389648436,0.67999267578125,low
2022-01-20,309.07000732421875,311.6499938964844,301.1400146484375,301.6000061035156,296.17401123046875,35380700,304.5159973144531,-1.72998046875,negative
2022-01-21,302.69000244140625,304.1099853515625,295.6099853515625,296.0299987792969,290.7042541503906,57984400,302.7619995117187,-5.57000732421875,negative
2022-01-24,292.20001220703125,297.1099853515625,276.04998779296875,296.3699951171875,291.0381164550781,85731500,299.99599609375,0.339996337890625,low
2022-01-25,291.5199890136719,294.989990234375,285.1700134277344,288.489990234375,283.2999267578125,72848600,297.16399536132815,-7.8800048828125,negative
2022-01-26,307.989990234375,308.5,293.0299987792969,296.7099914550781,291.3720397949219,90428900,295.8399963378906,8.220001220703125,high
2022-01-27,302.6600036621094,307.29998779296875,297.92999267578125,299.8399963378906,294.4456787109375,53481300,295.4879943847656,3.1300048828125,moderate
2022-01-28,300.2300109863281,308.4800109863281,294.45001220703125,308.260009765625,302.7142333984375,49743700,297.9339965820312,8.420013427734375,high
2022-01-31,308.95001220703125,312.3800048828125,306.3699951171875,310.9800109863281,305.3852844238281,46444500,300.8559997558594,2.720001220703125,low
2022-02-01,310.4100036621094,310.6300048828125,305.1300048828125,308.760009765625,303.2052307128906,40950400,304.9100036621094,-2.220001220703125,negative
2022-02-02,309.6300048828125,315.1199951171875,308.8800048828125,313.4599914550781,307.8206481933594,36636000,308.2600036621094,4.699981689453125,moderate
2022-02-03,309.489990234375,311.2300109863281,299.9599914550781,301.25,295.8303527832031,43730000,308.54200439453126,-12.209991455078125,negative
2022-02-04,300.2099914550781,308.79998779296875,299.9700012207031,305.94000244140625,300.4359436035156,35096500,308.0780029296875,4.69000244140625,moderate
2022-02-07,306.1700134277344,307.8399963378906,299.8999938964844,300.95001220703125,295.5357360839844,28533300,306.07200317382814,-4.989990234375,negative
2022-02-08,301.25,305.55999755859375,299.95001220703125,304.55999755859375,299.080810546875,32421200,305.23200073242185,3.6099853515625,moderate
2022-02-09,309.8699951171875,311.92999267578125,307.3900146484375,311.2099914550781,305.61114501953125,31284700,304.78200073242186,6.649993896484375,high
2022-02-10,304.0400085449219,309.1199951171875,300.70001220703125,302.3800048828125,296.9400329589844,45386200,305.00800170898435,-8.829986572265625,negative
2022-02-11,303.19000244140625,304.2900085449219,294.2200012207031,295.0400085449219,289.7320861816406,39175600,302.8280029296875,-7.339996337890625,negative
2022-02-14,293.7699890136719,296.760009765625,291.3500061035156,295.0,289.69281005859375,36359500,301.63800048828125,-0.040008544921875,negative
2022-02-15,300.010009765625,300.79998779296875,297.0199890136719,300.4700012207031,295.0644226074219,27058300,300.82000122070315,5.470001220703125,high
2022-02-16,298.3699951171875,300.8699951171875,293.67999267578125,299.5,294.7200012207031,29982100,298.4780029296875,-0.970001220703125,negative
2022-02-17,296.3599853515625,296.79998779296875,290.0,290.7300109863281,286.0899353027344,32461600,296.14800415039065,-8.769989013671875,negative
2022-02-18,293.04998779296875,293.8599853515625,286.30999755859375,287.92999267578125,283.3345947265625,34264000,294.7260009765625,-2.800018310546875,negative
2022-02-22,285.0,291.5400085449219,284.5,287.7200012207031,283.12799072265625,41736100,293.27000122070314,-0.209991455078125,negative
2022-02-23,290.17999267578125,291.70001220703125,280.1000061035156,280.2699890136719,275.7968444824219,37811200,289.22999877929686,-7.45001220703125,negative
2022-02-24,272.510009765625,295.1600036621094,271.5199890136719,294.5899963378906,289.8883361816406,56989700,288.247998046875,14.32000732421875,high
2022-02-25,295.1400146484375,297.6300048828125,291.6499938964844,297.30999755859375,292.5649108886719,32546700,289.5639953613281,2.720001220703125,low
2022-02-28,294.30999755859375,299.1400146484375,293.0,298.7900085449219,294.02130126953125,34627500,291.7359985351562,1.480010986328125,low
2022-03-01,296.3999938964844,299.9700012207031,292.1499938964844,294.95001220703125,290.2426452636719,31217800,293.1820007324219,-3.839996337890625,negative
2022-03-02,295.3599853515625,301.4700012207031,293.70001220703125,300.19000244140625,295.3989562988281,31873000,297.16600341796874,5.239990234375,high
2022-03-03,302.8900146484375,303.1300048828125,294.04998779296875,295.9200134277344,291.1971130371094,27314500,297.4320068359375,-4.269989013671875,negative
2022-03-04,294.2900085449219,295.6600036621094,287.1700134277344,289.8599853515625,285.23382568359375,32356500,295.94200439453124,-6.060028076171875,negative
2022-03-07,288.5299987792969,289.69000244140625,278.5299987792969,278.9100036621094,274.45855712890625,43157200,291.96600341796875,-10.949981689453125,negative
2022-03-08,277.79998779296875,283.9599914550781,270.0,275.8500061035156,271.4473876953125,48159500,288.1460021972656,-3.05999755859375,negative
2022-03-09,283.44000244140625,289.6000061035156,280.7799987792969,288.5,283.8955078125,35204500,285.80800170898436,12.649993896484375,high
2022-03-10,283.0199890136719,286.6000061035156,280.5799865722656,285.5899963378906,281.0320129394531,30628000,283.74199829101565,-2.910003662109375,negative
2022-03-11,287.9599914550781,289.510009765625,279.42999267578125,280.07000732421875,275.6000671386719,27209300,281.78400268554685,-5.519989013671875,negative
2022-03-14,280.3399963378906,285.3999938964844,275.82000732421875,276.44000244140625,272.0279846191406,30660700,281.2900024414063,-3.6300048828125,negative
2022-03-15,280.3500061035156,287.82000732421875,278.7300109863281,287.1499938964844,282.56707763671875,34245100,283.55,10.709991455078125,high
2022-03-16,289.1099853515625,294.57000732421875,283.20001220703125,294.3900146484375,289.69158935546875,37826300,284.7280029296875,7.240020751953125,high
2022-03-17,293.2900085449219,295.6099853515625,289.3699951171875,295.2200012207031,290.5082702636719,30816600,286.65400390625,0.829986572265625,low
2022-03-18,295.3699951171875,301.0,292.7300109863281,300.42999267578125,295.6351013183594,43390600,290.7260009765625,5.209991455078125,high
2022-03-21,298.8900146484375,300.1400146484375,294.8999938964844,299.1600036621094,294.3854064941406,28351200,295.27000122070314,-1.269989013671875,negative
2022-03-22,299.79998779296875,305.0,298.7699890136719,304.05999755859375,299.2071838378906,27599700,298.652001953125,4.899993896484375,moderate
2022-03-23,300.510009765625,303.2300109863281,297.7200012207031,299.489990234375,294.7101135253906,25715400,299.6719970703125,-4.57000732421875,negative
2022-03-24,299.1400146484375,304.20001220703125,298.32000732421875,304.1000061035156,299.2466125488281,24484500,301.447998046875,4.610015869140625,moderate
2022-03-25,305.2300109863281,305.5,299.2900085449219,303.67999267578125,298.8332214355469,22566500,302.097998046875,-0.420013427734375,negative
2022-03-28,304.3299865722656,310.79998779296875,304.3299865722656,310.70001220703125,305.7412109375,29578200,304.4059997558594,7.02001953125,high
2022-03-29,313.9100036621094,315.82000732421875,309.04998779296875,315.4100036621094,310.37603759765625,30393400,306.6760009765625,4.709991455078125,moderate
2022-03-30,313.760009765625,315.95001220703125,311.5799865722656,313.8599853515625,308.8507995605469,28163600,309.55,-1.550018310546875,negative
2022-03-31,313.8999938964844,315.1400146484375,307.8900146484375,308.30999755859375,303.38934326171875,33422100,310.3919982910156,-5.54998779296875,negative
2022-04-01,309.3699951171875,310.1300048828125,305.5400085449219,309.4200134277344,304.481689453125,27110500,311.5400024414063,1.110015869140625,low
2022-04-04,310.0899963378906,315.1099853515625,309.7099914550781,314.9700012207031,309.9430847167969,24289600,312.3940002441406,5.54998779296875,high
2022-04-05,313.2699890136719,314.8699951171875,309.8699951171875,310.8800048828125,305.9183349609375,23156700,311.4880004882813,-4.089996337890625,negative
2022-04-06,305.19000244140625,307.0,296.7099914550781,299.5,294.7200012207031,40110400,308.6160034179687,-11.3800048828125,negative
2022-04-07,296.6600036621094,303.6499938964844,296.3500061035156,301.3699951171875,296.5600891113281,31411200,307.2280029296875,1.8699951171875,low
2022-04-08,300.44000244140625,301.1199951171875,296.2799987792969,296.9700012207031,292.2303466796875,24361900,304.7380004882813,-4.399993896484375,negative
2022-04-11,291.7900085449219,292.6099853515625,285.0,285.260009765625,280.707275390625,34569300,298.79600219726564,-11.709991455078125,negative
2022-04-12,289.239990234375,290.739990234375,280.489990234375,282.05999755859375,277.55828857421875,30966700,293.03200073242186,-3.20001220703125,negative
2022-04-13,282.7300109863281,288.5799865722656,281.29998779296875,287.6199951171875,283.0295715332031,21907200,290.6559997558594,5.55999755859375,high
2022-04-14,288.0899963378906,288.30999755859375,279.32000732421875,279.8299865722656,275.3638916015625,28221600,286.347998046875,-7.790008544921875,negative
2022-04-18,278.9100036621094,282.4599914550781,278.3399963378906,280.5199890136719,276.0428466796875,20778000,283.05799560546876,0.69000244140625,low
2022-04-19,279.3800048828125,286.1700134277344,278.4100036621094,285.29998779296875,280.74658203125,22297700,283.0659912109375,4.779998779296875,moderate
2022-04-20,289.3999938964844,289.70001220703125,285.3699951171875,286.3599853515625,281.7896728515625,22906700,283.9259887695313,1.05999755859375,low
2022-04-21,288.5799865722656,293.29998779296875,280.05999755859375,280.80999755859375,276.3282775878906,29454600,282.5639892578125,-5.54998779296875,negative
2022-04-22,281.67999267578125,283.20001220703125,273.3800048828125,274.0299987792969,269.6564636230469,29405800,281.40399169921875,-6.779998779296875,negative
2022-04-25,273.2900085449219,281.1099853515625,270.7699890136719,280.7200012207031,276.23968505859375,35678900,281.443994140625,6.69000244140625,high
2022-04-26,277.5,278.3599853515625,270.0,270.2200012207031,265.9072570800781,46518400,278.42799682617186,-10.5,negative
2022-04-27,282.1000061035156,290.9700012207031,279.1600036621094,283.2200012207031,278.6997985839844,63477700,277.8,13.0,high
2022-04-28,285.19000244140625,290.9800109863281,281.4599914550781,289.6300048828125,285.00750732421875,33646600,279.5640014648437,6.410003662109375,high
2022-04-29,288.6099853515625,289.8800048828125,276.5,277.5199890136719,273.0907897949219,37073900,280.2619995117187,-12.110015869140625,negative
2022-05-02,277.7099914550781,284.94000244140625,276.2200012207031,284.4700012207031,279.92987060546875,35151100,281.0119995117187,6.95001220703125,high
2022-05-03,283.9599914550781,284.1300048828125,280.1499938964844,281.7799987792969,277.2828369140625,25978600,283.3239990234375,-2.69000244140625,negative
2022-05-04,282.5899963378906,290.8800048828125,276.7300109863281,289.9800109863281,285.3519592285156,33599300,284.6760009765625,8.20001220703125,high
2022-05-05,285.5400085449219,286.3500061035156,274.3399963378906,277.3500061035156,272.9234924316406,43260400,282.2200012207031,-12.6300048828125,negative
2022-05-06,274.80999755859375,279.25,271.2699890136719,274.7300109863281,270.3453063964844,37780300,281.66200561523436,-2.6199951171875,negative
2022-05-09,270.05999755859375,272.3599853515625,263.32000732421875,264.5799865722656,260.3572692871094,47726000,277.6840026855469,-10.1500244140625,negative
2022-05-10,271.69000244140625,273.75,265.07000732421875,269.5,265.1987609863281,39336400,275.2280029296875,4.920013427734375,moderate
2022-05-11,265.67999267578125,271.3599853515625,259.29998779296875,260.54998779296875,256.3915710449219,48975900,269.3419982910156,-8.95001220703125,negative
2022-05-12,257.69000244140625,259.8800048828125,250.02000427246094,255.35000610351562,251.27459716796875,51033800,264.94199829101564,-5.199981689453125,negative
2022-05-13,257.3500061035156,263.0400085449219,255.35000610351562,261.1199951171875,256.9524841308594,34925100,262.2199951171875,5.769989013671875,high
2022-05-16,259.9599914550781,265.82000732421875,255.77999877929688,261.5,257.3264465332031,32550900,261.6039978027344,0.3800048828125,low
2022-05-17,266.1099853515625,268.3299865722656,262.4599914550781,266.82000732421875,262.5615234375,28828800,261.0679992675781,5.32000732421875,high
2022-05-18,263.0,263.6000061035156,252.77000427246094,254.0800018310547,250.60719299316406,31356000,259.7740020751953,-12.740005493164062,negative
2022-05-19,253.89999389648438,257.6700134277344,251.8800048828125,253.13999938964844,249.6800537109375,32692300,259.3320007324219,-0.94000244140625,negative
2022-05-20,257.239990234375,258.5400085449219,246.44000244140625,252.55999755859375,249.10797119140625,39199300,257.6200012207031,-0.5800018310546875,negative
2022-05-23,255.49000549316406,261.5,253.42999267578125,260.6499938964844,257.08740234375,33175400,257.45,8.089996337890625,high
2022-05-24,257.8900146484375,261.3299865722656,253.5,259.6199951171875,256.0715026855469,29043900,256.00999755859374,-1.029998779296875,negative
2022-05-25,258.1400146484375,264.5799865722656,257.1300048828125,262.5199890136719,258.9318542480469,28547900,257.6979949951172,2.899993896484375,low
2022-05-26,262.2699890136719,267.1099853515625,261.42999267578125,265.8999938964844,262.2656555175781,25002100,260.2499938964844,3.3800048828125,moderate
2022-05-27,268.4800109863281,273.3399963378906,267.55999755859375,273.239990234375,269.50531005859375,26910800,264.3859924316406,7.339996337890625,high
2022-05-31,272.5299987792969,274.7699890136719,268.92999267578125,271.8699951171875,268.1540222167969,37827700,266.62999267578124,-1.3699951171875,negative
2022-06-01,275.20001220703125,277.69000244140625,270.0400085449219,272.4200134277344,268.696533203125,25292200,269.18999633789065,0.550018310546875,low
2022-06-02,264.45001220703125,274.6499938964844,261.6000061035156,274.5799865722656,270.82696533203125,44008200,271.60199584960935,2.15997314453125,low
2022-06-03,270.30999755859375,273.45001220703125,268.4100036621094,270.0199890136719,266.329345703125,28059000,272.4259948730469,-4.55999755859375,negative
2022-06-06,272.05999755859375,274.17999267578125,267.2200012207031,268.75,265.0766906738281,22400300,271.5279968261719,-1.269989013671875,negative
2022-06-07,266.6400146484375,273.1300048828125,265.94000244140625,272.5,268.7754821777344,22860700,271.65399780273435,3.75,moderate
2022-06-08,271.7099914550781,273.0,269.6099853515625,270.4100036621094,266.7140197753906,17372300,271.2519958496094,-2.089996337890625,negative
2022-06-09,267.7799987792969,272.7099914550781,264.6300048828125,264.7900085449219,261.17083740234375,26439700,269.29400024414065,-5.6199951171875,negative
2022-06-10,260.5799865722656,260.5799865722656,252.52999877929688,252.99000549316406,249.53211975097656,31422800,265.88800354003905,-11.800003051757812,negative
2022-06-13,245.11000061035156,249.02000427246094,241.52999877929688,242.25999450683594,238.94874572753906,46135800,260.5900024414062,-10.730010986328125,negative
2022-06-14,243.86000061035156,245.74000549316406,241.50999450683594,244.49000549316406,241.14830017089844,28651500,254.98800354003907,2.230010986328125,low
2022-06-15,248.30999755859375,255.3000030517578,246.4199981689453,251.75999450683594,248.31890869140625,33111700,251.25800170898438,7.269989013671875,high
2022-06-16,245.97999572753906,247.4199981689453,243.02000427246094,244.97000122070312,241.62171936035156,33169200,247.29400024414062,-6.7899932861328125,negative
2022-06-17,244.6999969482422,250.5,244.02999877929688,247.64999389648438,244.26507568359375,43084800,246.2259979248047,2.67999267578125,low
2022-06-21,250.25999450683594,254.75,249.50999450683594,253.74000549316406,250.27186584472656,29928300,248.52200012207032,6.0900115966796875,high
2022-06-22,251.88999938964844,257.1700134277344,250.3699951171875,253.1300048828125,249.67019653320312,25939900,250.25,-0.6100006103515625,negative
2022-06-23,255.57000732421875,259.3699951171875,253.6300048828125,258.8599853515625,255.32183837890625,25861400,251.6699981689453,5.72998046875,high
2022-06-24,261.80999755859375,267.9800109863281,261.7200012207031,267.70001220703125,264.04107666015625,33923200,256.21600036621095,8.84002685546875,high
2022-06-27,268.2099914550781,268.29998779296875,263.2799987792969,264.8900146484375,261.2695007324219,24615100,259.66400451660155,-2.80999755859375,negative
2022-06-28,263.9800109863281,266.9100036621094,256.32000732421875,256.4800109863281,252.97439575195312,27295500,260.2120056152344,-8.410003662109375,negative
2022-06-29,257.5899963378906,261.9700012207031,255.75999450683594,260.260009765625,256.7027282714844,20069800,261.63800659179685,3.779998779296875,moderate
2022-06-30,257.04998779296875,259.5299987792969,252.89999389648438,256.8299865722656,253.3196258544922,31730900,261.2320068359375,-3.430023193359375,negative
2022-07-01,256.3900146484375,259.7699890136719,254.61000061035156,259.5799865722656,256.0320129394531,22837700,259.6080017089844,2.75,low
2022-07-05,256.1600036621094,262.9800109863281,254.74000549316406,262.8500061035156,259.25732421875,22941000,259.2,3.27001953125,moderate
2022-07-06,263.75,267.989990234375,262.3999938964844,266.2099914550781,262.5714111328125,23824400,261.14599609375,3.3599853515625,moderate
2022-07-07,265.1199951171875,269.05999755859375,265.0199890136719,268.3999938964844,264.7314758300781,20859900,262.77399291992185,2.19000244140625,low
2022-07-08,264.7900085449219,268.1000061035156,263.2900085449219,267.6600036621094,264.00164794921875,19658800,264.93999633789065,-0.739990234375,negative
2022-07-11,265.6499938964844,266.5299987792969,262.17999267578125,264.510009765625,260.8946838378906,19455200,265.9260009765625,-3.149993896484375,negative
2022-07-12,265.8800048828125,265.94000244140625,252.0399932861328,253.6699981689453,250.20281982421875,35868500,264.0899993896484,-10.840011596679688,negative
2022-07-13,250.19000244140625,253.5500030517578,248.11000061035156,252.72000122070312,249.2657928466797,29497400,261.3920013427734,-0.9499969482421875,negative
2022-07-14,250.57000732421875,255.13999938964844,245.94000244140625,254.0800018310547,250.60719299316406,25102800,258.5280029296875,1.3600006103515625,low
2022-07-15,255.72000122070312,260.3699951171875,254.77000427246094,256.7200012207031,253.2111358642578,29774100,256.3400024414062,2.6399993896484375,low
2022-07-18,259.75,260.8399963378906,253.3000030517578,254.25,250.77488708496094,20975000,254.28800048828126,-2.470001220703125,negative
2022-07-19,257.5799865722656,259.7200012207031,253.67999267578125,259.5299987792969,255.98275756835938,25012600,255.46000061035156,5.279998779296875,high
2022-07-20,259.8999938964844,264.8699951171875,258.9100036621094,262.2699890136719,258.68524169921875,22788300,257.3699981689453,2.739990234375,low
2022-07-21,259.7900085449219,264.8900146484375,257.0299987792969,264.8399963378906,261.22015380859375,22404700,259.5219970703125,2.57000732421875,low
2022-07-22,265.239990234375,265.3299865722656,259.07000732421875,260.3599853515625,256.8014221191406,21881300,260.2499938964844,-4.480010986328125,negative
2022-07-25,261.0,261.5,256.80999755859375,258.8299865722656,255.29226684570312,21056000,261.1659912109375,-1.529998779296875,negative
2022-07-26,259.8599853515625,259.8800048828125,249.57000732421875,251.89999389648438,248.45697021484375,39348000,259.639990234375,-6.92999267578125,negative
2022-07-27,261.1600036621094,270.04998779296875,258.8500061035156,268.739990234375,265.0667724609375,45994000,260.9339904785156,16.839996337890625,high
2022-07-28,269.75,277.8399963378906,267.8699951171875,276.4100036621094,272.63201904296875,33459300,263.24799194335935,7.670013427734375,high
2022-07-29,277.70001220703125,282.0,276.6300048828125,280.739990234375,276.9028015136719,32152800,267.32399291992186,4.329986572265625,moderate
2022-08-01,277.82000732421875,281.2799987792969,275.8399963378906,278.010009765625,274.2101745605469,21539600,271.1599975585938,-2.72998046875,negative
2022-08-02,276.0,277.8900146484375,272.3800048828125,274.82000732421875,271.063720703125,22754200,275.74400024414064,-3.19000244140625,negative
2022-08-03,276.760009765625,283.5,276.6099853515625,282.4700012207031,278.6091613769531,23518900,278.49000244140626,7.649993896484375,high
2022-08-04,281.79998779296875,283.79998779296875,280.1700134277344,283.6499938964844,279.7730407714844,18098700,279.93800048828126,1.17999267578125,low
2022-08-05,279.1499938964844,283.6499938964844,278.67999267578125,282.9100036621094,279.04315185546875,16774600,280.37200317382815,-0.739990234375,negative
2022-08-08,284.04998779296875,285.9200134277344,279.32000732421875,280.32000732421875,276.48858642578125,18739200,280.83400268554686,-2.589996337890625,negative
2022-08-09,279.6400146484375,283.0799865722656,277.6099853515625,282.29998779296875,278.44146728515625,23405200,282.3299987792969,1.97998046875,low
2022-08-10,288.1700134277344,289.80999755859375,286.94000244140625,289.1600036621094,285.2077331542969,24687800,283.6679992675781,6.860015869140625,high
2022-08-11,290.8500061035156,291.2099914550781,286.510009765625,287.0199890136719,283.0969543457031,20065900,284.3419982910156,-2.1400146484375,negative
2022-08-12,288.4800109863281,291.9100036621094,286.94000244140625,291.9100036621094,287.9201354980469,22619700,286.1419982910156,4.8900146484375,moderate
2022-08-15,291.0,294.17999267578125,290.1099853515625,293.4700012207031,289.4588317871094,18085700,288.7719970703125,1.55999755859375,low
2022-08-16,291.989990234375,294.0400085449219,290.4200134277344,292.7099914550781,288.709228515625,18102900,290.8539978027344,-0.760009765625,negative
2022-08-17,289.739990234375,293.3500061035156,289.4700012207031,291.32000732421875,287.9481201171875,18253400,291.28599853515624,-1.389984130859375,negative
2022-08-18,290.19000244140625,291.9100036621094,289.0799865722656,290.1700134277344,286.8114318847656,17186200,291.91600341796874,-1.149993896484375,negative
2022-08-19,288.8999938964844,289.25,285.55999755859375,286.1499938964844,282.8379211425781,20570000,290.7640014648438,-4.02001953125,negative
2022-08-22,282.0799865722656,282.4599914550781,277.2200012207031,277.75,274.5351867675781,25061100,287.6200012207031,-8.399993896484375,negative
2022-08-23,276.44000244140625,278.8599853515625,275.3999938964844,276.44000244140625,273.2403259277344,17527400,284.3660034179687,-1.30999755859375,negative
2022-08-24,275.4100036621094,277.2300109863281,275.1099853515625,275.7900085449219,272.5978698730469,18137000,281.2600036621094,-0.649993896484375,negative
2022-08-25,277.3299865722656,279.0199890136719,274.5199890136719,278.8500061035156,275.6224670410156,16583400,278.9960021972656,3.05999755859375,moderate
2022-08-26,279.0799865722656,280.3399963378906,267.9800109863281,268.0899963378906,264.9870300292969,27549300,275.3840026855469,-10.760009765625,negative
2022-08-29,265.8500061035156,267.3999938964844,263.8500061035156,265.2300109863281,262.1601257324219,20338500,272.8800048828125,-2.8599853515625,negative
2022-08-30,266.6700134277344,267.04998779296875,260.6600036621094,262.9700012207031,259.9262390136719,22767100,270.1860046386719,-2.260009765625,negative
2022-08-31,265.3900146484375,267.1099853515625,261.3299865722656,261.4700012207031,258.4436340332031,24791800,267.32200317382814,-1.5,negative
2022-09-01,258.8699951171875,260.8900146484375,255.41000366210938,260.3999938964844,257.3860168457031,23263400,263.6320007324219,-1.07000732421875,negative
2022-09-02,261.70001220703125,264.739990234375,254.47000122070312,256.05999755859375,253.09622192382812,22855400,261.2260009765625,-4.339996337890625,negative
2022-09-06,256.20001220703125,257.8299865722656,251.94000244140625,253.25,250.31874084472656,21328200,258.8299987792969,-2.80999755859375,negative
2022-09-07,254.6999969482422,258.8299865722656,253.22000122070312,258.0899963378906,255.1027374267578,24126700,257.8539978027344,4.839996337890625,moderate
2022-09-08,257.510009765625,260.42999267578125,254.7899932861328,258.5199890136719,255.5277099609375,20319900,257.2639953613281,0.42999267578125,low
2022-09-09,260.5,265.2300109863281,260.2900085449219,264.4599914550781,261.39898681640625,22084700,258.07599487304685,5.94000244140625,high
2022-09-12,265.7799987792969,267.45001220703125,265.1600036621094,266.6499938964844,263.56365966796875,18747700,260.193994140625,2.19000244140625,low
2022-09-13,258.8399963378906,260.3999938964844,251.58999633789062,251.99000549316406,249.07334899902344,33353300,259.94199523925784,-14.659988403320312,negative
2022-09-14,253.52999877929688,254.22999572753906,249.86000061035156,252.22000122070312,249.3006591796875,23913000,258.7679962158203,0.2299957275390625,low
2022-09-15,249.77000427246094,251.39999389648438,244.02000427246094,245.3800048828125,242.5398406982422,31530900,256.13999938964844,-6.839996337890625,negative
2022-09-16,244.25999450683594,245.3000030517578,242.05999755859375,244.74000549316406,241.90725708007812,39791800,252.1960021972656,-0.6399993896484375,negative
2022-09-19,242.47000122070312,245.13999938964844,240.85000610351562,244.52000427246094,241.6898193359375,26826900,247.77000427246094,-0.220001220703125,negative
2022-09-20,242.07000732421875,243.50999450683594,239.63999938964844,242.4499969482422,239.64376831054688,26660300,245.86200256347655,-2.07000732421875,negative
2022-09-21,244.27000427246094,247.66000366210938,238.89999389648438,238.9499969482422,236.1842803955078,28625600,243.20800170898437,-3.5,negative
2022-09-22,237.8699951171875,243.86000061035156,237.57000732421875,240.97999572753906,238.1907501220703,31061200,242.3279998779297,2.029998779296875,low
2022-09-23,239.5399932861328,241.1300048828125,235.1999969482422,237.9199981689453,235.1661834716797,34176000,240.96399841308593,-3.05999755859375,negative
2022-09-26,237.0500030517578,241.4499969482422,236.89999389648438,237.4499969482422,234.70162963867188,27694200,239.54999694824218,-0.470001220703125,negative
2022-09-27,239.97999572753906,241.8000030517578,234.5,236.41000366210938,233.67367553710938,27018700,238.3419982910156,-1.0399932861328125,negative
2022-09-28,236.80999755859375,242.3300018310547,234.72999572753906,241.07000732421875,238.2797393798828,29029700,238.76600036621093,4.660003662109375,moderate
2022-09-29,238.88999938964844,239.9499969482422,234.41000366210938,237.5,234.7510528564453,27484200,238.07000122070312,-3.57000732421875,negative
2022-09-30,238.2899932861328,240.5399932861328,232.72999572753906,232.89999389648438,230.20428466796875,35694800,237.06600036621094,-4.600006103515625,negative
2022-10-03,235.41000366210938,241.61000061035156,234.66000366210938,240.74000549316406,237.9535675048828,28880400,237.7240020751953,7.8400115966796875,high
2022-10-04,245.08999633789062,250.36000061035156,244.97999572753906,248.8800048828125,245.9993438720703,34888400,240.21800231933594,8.139999389648438,high
2022-10-05,245.99000549316406,250.5800018310547,244.10000610351562,249.1999969482422,246.31561279296875,20347100,241.84400024414063,0.3199920654296875,low
2022-10-06,247.92999267578125,250.33999633789062,246.0800018310547,246.7899932861328,243.9335174560547,20239900,243.70199890136718,-2.410003662109375,negative
2022-10-07,240.89999389648438,241.32000732421875,233.1699981689453,234.24000549316406,231.52877807617188,37769600,243.97000122070312,-12.54998779296875,negative
2022-10-10,233.0500030517578,234.55999755859375,226.72999572753906,229.25,226.59654235839844,29743600,241.6720001220703,-4.9900054931640625,negative
2022-10-11,227.6199951171875,229.05999755859375,224.11000061035156,225.41000366210938,222.80099487304688,30474000,236.97799987792968,-3.839996337890625,negative
2022-10-12,225.39999389648438,227.86000061035156,223.9600067138672,225.75,223.13705444335938,21903900,232.28800048828126,0.339996337890625,low
2022-10-13,219.85000610351562,236.10000610351562,219.1300048828125,234.24000549316406,231.52877807617188,42551800,229.7780029296875,8.490005493164062,high
2022-10-14,235.5399932861328,237.24000549316406,228.33999633789062,228.55999755859375,225.91452026367188,30198600,228.64200134277343,-5.6800079345703125,negative
2022-10-17,235.82000732421875,238.9600067138672,235.13999938964844,237.52999877929688,234.78070068359375,28142300,230.29800109863282,8.970001220703125,high
2022-10-18,243.24000549316406,243.92999267578125,235.3699951171875,238.5,235.7394561767578,26329600,232.91600036621094,0.970001220703125,low
2022-10-19,237.0399932861328,239.61000061035156,234.2899932861328,236.47999572753906,233.74285888671875,19985700,235.06199951171874,-2.0200042724609375,negative
2022-10-20,235.77000427246094,241.30999755859375,234.8699951171875,236.14999389648438,233.41665649414062,21811000,235.44399719238282,-0.3300018310546875,negative
2022-10-21,234.74000549316406,243.0,234.5,242.1199951171875,239.31756591796875,26299700,238.15599670410157,5.970001220703125,high
2022-10-24,243.75999450683594,247.83999633789062,241.3000030517578,247.25,244.38821411132812,24911200,240.0999969482422,5.1300048828125,high
2022-10-25,247.25999450683594,251.0399932861328,245.8300018310547,250.66000366210938,247.75872802734375,34775500,242.53199768066406,3.410003662109375,moderate
2022-10-26,231.1699981689453,238.3000030517578,230.05999755859375,231.32000732421875,228.64259338378906,82543200,241.5,-19.339996337890625,negative
2022-10-27,231.0399932861328,233.69000244140625,225.77999877929688,226.75,224.12547302246094,40424600,239.62000122070313,-4.57000732421875,negative
2022-10-28,226.24000549316406,236.60000610351562,226.0500030517578,235.8699951171875,233.13990783691406,40647700,238.37000122070313,9.1199951171875,high
2022-10-31,233.75999450683594,234.9199981689453,231.14999389648438,232.1300048828125,229.44320678710938,28357300,235.34600219726562,-3.739990234375,negative
2022-11-01,234.60000610351562,235.74000549316406,227.3300018310547,228.1699981689453,225.52903747558594,30592300,230.8480010986328,-3.9600067138671875,negative
2022-11-02,229.4600067138672,231.3000030517578,220.0399932861328,220.10000610351562,217.5524444580078,38407000,228.6040008544922,-8.069992065429688,negative
2022-11-03,220.08999633789062,220.41000366210938,213.97999572753906,214.25,211.77015686035156,36633900,226.1040008544922,-5.850006103515625,negative
2022-11-04,217.5500030517578,221.58999633789062,213.42999267578125,221.38999938964844,218.82752990722656,36789100,223.20800170898437,7.1399993896484375,high
2022-11-07,221.99000549316406,228.41000366210938,221.27999877929688,227.8699951171875,225.23251342773438,33498000,222.3559997558594,6.4799957275390625,high
2022-11-08,228.6999969482422,231.64999389648438,225.83999633789062,228.8699951171875,226.22093200683594,28192500,222.49599914550782,1.0,low
2022-11-09,227.3699951171875,228.6300048828125,224.3300018310547,224.50999450683594,221.91140747070312,27852900,223.37799682617188,-4.3600006103515625,negative
2022-11-10,235.42999267578125,243.3300018310547,235.0,242.97999572753906,240.16761779785156,46268000,229.12399597167968,18.470001220703125,high
2022-11-11,242.99000549316406,247.99000549316406,241.92999267578125,247.11000061035156,244.2498321533203,34620200,234.26799621582032,4.1300048828125,moderate
2022-11-14,241.99000549316406,243.91000366210938,239.2100067138672,241.5500030517578,238.75416564941406,31123300,237.00399780273438,-5.55999755859375,negative
2022-11-15,245.66000366210938,247.0,240.02999877929688,241.97000122070312,239.16932678222656,31390100,239.6239990234375,0.4199981689453125,low
2022-11-16,242.7899932861328,243.8000030517578,240.4199981689453,241.72999572753906,239.60543823242188,24093300,243.06799926757813,-0.2400054931640625,negative
2022-11-17,237.77999877929688,243.25,237.6300048828125,241.67999267578125,239.55587768554688,23123500,242.80799865722656,-0.0500030517578125,negative
2022-11-18,243.50999450683594,243.74000549316406,239.02999877929688,241.22000122070312,239.09991455078125,27613500,241.62999877929687,-0.459991455078125,negative
2022-11-21,241.42999267578125,244.6699981689453,241.19000244140625,242.0500030517578,239.92262268066406,26394700,241.72999877929686,0.8300018310546875,low
2022-11-22,243.58999633789062,245.30999755859375,240.7100067138672,245.02999877929688,242.8764190673828,19665700,242.3419982910156,2.9799957275390625,low
2022-11-23,245.11000061035156,248.27999877929688,244.27000427246094,247.5800018310547,245.40403747558594,19508500,243.51199951171876,2.5500030517578125,low
2022-11-25,247.30999755859375,248.6999969482422,246.72999572753906,247.49000549316406,245.3148193359375,9200800,244.67400207519532,-0.089996337890625,negative
2022-11-28,246.0800018310547,246.64999389648438,240.8000030517578,241.75999450683594,239.6351776123047,24778200,244.78200073242186,-5.730010986328125,negative
2022-11-29,241.39999389648438,242.7899932861328,238.2100067138672,240.3300018310547,238.21775817871094,17956300,244.43800048828126,-1.42999267578125,negative
2022-11-30,240.57000732421875,255.3300018310547,239.86000061035156,255.13999938964844,252.8975830078125,47594200,246.46000061035156,14.80999755859375,high
2022-12-01,253.8699951171875,256.1199951171875,250.9199981689453,254.69000244140625,252.45152282714844,26041500,247.8820007324219,-0.4499969482421875,negative
2022-12-02,249.82000732421875,256.05999755859375,249.69000244140625,255.02000427246094,252.7786407470703,21528500,249.38800048828125,0.3300018310546875,low
2022-12-05,252.00999450683594,253.82000732421875,248.05999755859375,250.1999969482422,248.00100708007812,23435300,251.0760009765625,-4.82000732421875,negative
2022-12-06,250.82000732421875,251.86000061035156,243.77999877929688,245.1199951171875,242.96563720703125,22463700,252.03399963378905,-5.0800018310546875,negative
2022-12-07,244.8300018310547,246.16000366210938,242.2100067138672,244.3699951171875,242.22222900390625,20481500,249.87999877929687,-0.75,negative
2022-12-08,244.83999633789062,248.74000549316406,243.05999755859375,247.39999389648438,245.22561645507812,22611800,248.4219970703125,3.029998779296875,moderate
2022-12-09,244.6999969482422,248.30999755859375,244.16000366210938,245.4199981689453,243.26300048828125,20609700,246.5019958496094,-1.9799957275390625,negative
2022-12-12,247.4499969482422,252.5399932861328,247.1699981689453,252.50999450683594,250.29067993164062,30665100,246.96399536132813,7.089996337890625,high
2022-12-13,261.69000244140625,263.9200134277344,253.07000732421875,256.9200134277344,254.6619415283203,42196900,249.3239990234375,4.4100189208984375,moderate
2022-12-14,257.1300048828125,262.5899963378906,254.30999755859375,257.2200012207031,254.9593048095703,35410900,251.8940002441406,0.29998779296875,low
2022-12-15,253.72000122070312,254.1999969482422,247.33999633789062,249.00999450683594,246.8214569091797,35560400,252.21600036621095,-8.210006713867188,negative
2022-12-16,248.5500030517578,249.83999633789062,243.50999450683594,244.69000244140625,242.5394287109375,86102000,252.07000122070312,-4.3199920654296875,negative
2022-12-19,244.86000061035156,245.2100067138672,238.7100067138672,240.4499969482422,238.33670043945312,29696400,249.6580017089844,-4.2400054931640625,negative
2022-12-20,239.39999389648438,242.91000366210938,238.4199981689453,241.8000030517578,239.67481994628906,25150800,246.63399963378907,1.350006103515625,low
2022-12-21,241.69000244140625,245.6199951171875,240.11000061035156,244.42999267578125,242.2816925048828,23690600,244.07599792480468,2.6299896240234375,low
2022-12-22,241.25999450683594,241.99000549316406,233.8699951171875,238.19000244140625,236.09654235839844,28651700,241.91199951171876,-6.239990234375,negative
2022-12-23,236.11000061035156,238.8699951171875,233.94000244140625,238.72999572753906,236.63182067871094,21207000,240.71999816894532,0.5399932861328125,low
2022-12-27,238.6999969482422,238.92999267578125,235.8300018310547,236.9600067138672,234.87738037109375,16688600,240.02200012207032,-1.769989013671875,negative
2022-12-28,236.88999938964844,239.72000122070312,234.1699981689453,234.52999877929688,232.46871948242188,17457100,238.56799926757813,-2.4300079345703125,negative
2022-12-29,235.64999389648438,241.9199981689453,235.64999389648438,241.00999450683594,238.89175415039062,19770700,237.88399963378907,6.4799957275390625,high
2022-12-30,238.2100067138672,239.9600067138672,236.66000366210938,239.82000732421875,237.71221923828125,21938500,238.21000061035156,-1.1899871826171875,negative
2023-01-03,243.0800018310547,245.75,237.39999389648438,239.5800018310547,237.47433471679688,25740000,238.3800018310547,-0.2400054931640625,negative
2023-01-04,232.27999877929688,232.8699951171875,225.9600067138672,229.10000610351562,227.08645629882812,50623400,236.80800170898436,-10.479995727539062,negative
2023-01-05,227.1999969482422,227.5500030517578,221.75999450683594,222.30999755859375,220.3561248779297,39585600,234.36400146484374,-6.790008544921875,negative
2023-01-06,223.0,225.75999450683594,219.35000610351562,224.92999267578125,222.9530792236328,43613600,231.14800109863282,2.6199951171875,low
2023-01-09,226.4499969482422,231.24000549316406,226.41000366210938,227.1199951171875,225.12384033203125,27369800,228.60799865722657,2.19000244140625,low
2023-01-10,227.75999450683594,231.30999755859375,227.3300018310547,228.85000610351562,226.83863830566406,27033900,226.46199951171874,1.730010986328125,low
2023-01-11,231.2899932861328,235.9499969482422,231.11000061035156,235.77000427246094,233.6978302001953,28669300,227.7959991455078,6.9199981689453125,high
2023-01-12,235.25999450683594,239.89999389648438,233.55999755859375,238.50999450683594,236.4137420654297,27269500,231.03599853515624,2.739990234375,low
2023-01-13,237.0,239.3699951171875,234.9199981689453,239.22999572753906,237.12741088867188,21333300,233.8959991455078,0.720001220703125,low
2023-01-17,237.97000122070312,240.91000366210938,237.08999633789062,240.35000610351562,238.23757934570312,29831300,236.54200134277343,1.1200103759765625,low
2023-01-18,241.57000732421875,242.3800048828125,235.52000427246094,235.80999755859375,233.73745727539062,30028700,237.93399963378906,-4.540008544921875,negative
2023-01-19,233.77999877929688,235.52000427246094,230.67999267578125,231.92999267578125,229.8915557861328,28623000,237.16599731445314,-3.8800048828125,negative
2023-01-20,234.86000061035156,240.74000549316406,234.50999450683594,240.22000122070312,238.10870361328125,35389800,237.50799865722655,8.290008544921875,high
2023-01-23,241.10000610351562,245.1699981689453,239.64999389648438,242.5800018310547,240.44796752929688,31934000,238.1779998779297,2.3600006103515625,low
2023-01-24,242.5,243.9499969482422,240.44000244140625,242.0399932861328,239.91270446777344,40234400,238.51599731445313,-0.540008544921875,negative
2023-01-25,234.47999572753906,243.3000030517578,230.89999389648438,240.61000061035156,238.4952850341797,66526600,239.4759979248047,-1.42999267578125,negative
2023-01-26,243.64999389648438,248.30999755859375,242.0,248.0,245.82032775878906,33454500,242.68999938964845,7.3899993896484375,high
2023-01-27,248.99000549316406,249.8300018310547,246.8300018310547,248.16000366210938,245.97894287109375,26498900,244.2779998779297,0.160003662109375,low
2023-01-30,244.50999450683594,245.60000610351562,242.1999969482422,242.7100067138672,240.57684326171875,25867400,244.3040008544922,-5.4499969482421875,negative
2023-01-31,243.4499969482422,247.9499969482422,242.9499969482422,247.80999755859375,245.63198852539062,26541100,245.45800170898437,5.0999908447265625,high
2023-02-01,248.0,255.17999267578125,245.47000122070312,252.75,250.52857971191406,31259900,247.88600158691406,4.94000244140625,moderate
2023-02-02,258.82000732421875,264.69000244140625,257.25,264.6000061035156,262.2744445800781,39940400,251.20600280761718,11.850006103515625,high
2023-02-03,259.5400085449219,264.20001220703125,257.1000061035156,258.3500061035156,256.079345703125,29077300,253.24400329589844,-6.25,negative
2023-02-06,257.44000244140625,258.29998779296875,254.77999877929688,256.7699890136719,254.5132293701172,22518000,256.0559997558594,-1.58001708984375,negative
2023-02-07,260.5299987792969,268.7699890136719,260.0799865722656,267.55999755859375,265.2084045410156,50841400,260.00599975585936,10.790008544921875,high
2023-02-08,273.20001220703125,276.760009765625,266.2099914550781,266.7300109863281,264.3857421875,54686000,262.802001953125,-0.829986572265625,negative
2023-02-09,273.79998779296875,273.9800109863281,262.79998779296875,263.6199951171875,261.30303955078125,42375100,262.6059997558594,-3.110015869140625,negative
2023-02-10,261.5299987792969,264.0899963378906,260.6600036621094,263.1000061035156,260.7876281738281,25818500,263.5559997558594,-0.519989013671875,negative
2023-02-13,267.6400146484375,274.6000061035156,267.1499938964844,271.32000732421875,268.93536376953125,44630900,266.46600341796875,8.220001220703125,high
2023-02-14,272.6700134277344,274.9700012207031,269.2799987792969,272.1700134277344,269.7779235839844,37047900,267.38800659179685,0.850006103515625,low
2023-02-15,268.32000732421875,270.7300109863281,266.17999267578125,269.32000732421875,267.6216125488281,28922400,267.906005859375,-2.850006103515625,negative
2023-02-16,264.0199890136719,266.739990234375,261.8999938964844,262.1499938964844,260.4967956542969,29603600,267.61200561523435,-7.170013427734375,negative
2023-02-17,259.3900146484375,260.0899963378906,256.0,258.05999755859375,256.4326171875,30000100,266.60400390625,-4.089996337890625,negative
2023-02-21,254.47999572753906,255.49000549316406,251.58999633789062,252.6699981689453,251.0765838623047,28397400,262.87400207519534,-5.3899993896484375,negative
2023-02-22,254.08999633789062,254.33999633789062,250.33999633789062,251.50999450683594,249.92388916015625,22491100,258.74199829101565,-1.160003662109375,negative
2023-02-23,255.55999755859375,256.8399963378906,250.47999572753906,254.77000427246094,253.16334533691406,29219100,255.83199768066407,3.260009765625,moderate
2023-02-24,249.9600067138672,251.0,248.10000610351562,249.22000122070312,247.6483612060547,24990900,253.24599914550782,-5.5500030517578125,negative
2023-02-27,252.4600067138672,252.82000732421875,249.38999938964844,250.16000366210938,248.58242797851562,21190000,251.66600036621094,0.94000244140625,low
2023-02-28,249.07000732421875,251.49000549316406,248.72999572753906,249.4199981689453,247.84707641601562,22491000,251.01600036621093,-0.7400054931640625,negative
2023-03-01,250.75999450683594,250.92999267578125,245.7899932861328,246.27000427246094,244.71694946289062,27565300,249.96800231933594,-3.149993896484375,negative
2023-03-02,246.5500030517578,251.39999389648438,245.61000061035156,251.11000061035156,249.52642822265625,24808200,249.23600158691406,4.839996337890625,moderate
2023-03-03,252.19000244140625,255.6199951171875,251.38999938964844,255.2899932861328,253.6800537109375,30760100,250.45,4.17999267578125,moderate
2023-03-06,256.42999267578125,260.1199951171875,255.97999572753906,256.8699951171875,255.25010681152344,24109800,251.79199829101563,1.5800018310546875,low
2023-03-07,256.29998779296875,257.69000244140625,253.38999938964844,254.14999389648438,252.54725646972656,21473200,252.73799743652344,-2.720001220703125,negative
2023-03-08,254.0399932861328,254.5399932861328,250.80999755859375,253.6999969482422,252.10009765625,17340200,254.2239959716797,-0.4499969482421875,negative
2023-03-09,255.82000732421875,259.55999755859375,251.5800018310547,252.32000732421875,250.7288055419922,26653400,254.46599731445312,-1.3799896240234375,negative
2023-03-10,251.0800018310547,252.7899932861328,247.60000610351562,248.58999633789062,247.02232360839844,28333900,253.1259979248047,-3.730010986328125,negative
2023-03-13,247.39999389648438,257.9100036621094,245.72999572753906,253.9199981689453,252.31869506835938,33339700,252.53599853515624,5.3300018310546875,high
2023-03-14,256.75,261.07000732421875,255.86000061035156,260.7900085449219,259.1454162597656,33620300,253.86400146484374,6.8700103759765625,high
2023-03-15,259.9800109863281,266.4800109863281,259.2099914550781,265.44000244140625,263.7660827636719,46028000,256.2120025634766,4.649993896484375,moderate
2023-03-16,265.2099914550781,276.55999755859375,263.2799987792969,276.20001220703125,274.4582214355469,54768800,260.9880035400391,10.760009765625,high
2023-03-17,278.260009765625,283.3299865722656,276.32000732421875,279.42999267578125,277.6678161621094,69527400,267.1560028076172,3.22998046875,moderate
2023-03-20,276.9800109863281,277.4800109863281,269.8500061035156,272.2300109863281,270.51324462890625,43466600,270.81800537109376,-7.199981689453125,negative
2023-03-21,274.8800048828125,275.0,269.5199890136719,273.7799987792969,272.0534362792969,34558700,273.41600341796874,1.54998779296875,low
2023-03-22,273.3999938964844,281.0400085449219,272.17999267578125,272.2900085449219,270.5728454589844,34873300,274.7860046386719,-1.489990234375,negative
2023-03-23,277.94000244140625,281.05999755859375,275.20001220703125,277.6600036621094,275.90899658203125,36610900,275.0780029296875,5.3699951171875,high
2023-03-24,277.239990234375,280.6300048828125,275.2799987792969,280.57000732421875,278.8006591796875,28172000,275.306005859375,2.910003662109375,low
2023-03-27,280.5,281.4599914550781,275.5199890136719,276.3800048828125,274.6370849609375,26840200,276.13600463867186,-4.19000244140625,negative
2023-03-28,275.7900085449219,276.1400146484375,272.04998779296875,275.2300109863281,273.49432373046875,21878600,276.42600708007814,-1.149993896484375,negative
2023-03-29,278.9599914550781,281.1400146484375,278.4100036621094,280.510009765625,278.74102783203125,25087000,278.07000732421875,5.279998779296875,high
2023-03-30,284.2300109863281,284.4599914550781,281.4800109863281,284.04998779296875,282.2586975097656,25053400,279.34800415039064,3.53997802734375,moderate
2023-03-31,283.7300109863281,289.2699890136719,283.0,288.29998779296875,286.48187255859375,32766000,280.8940002441406,4.25,moderate
2023-04-03,286.5199890136719,288.2699890136719,283.95001220703125,287.2300109863281,285.4186706542969,24883300,283.0640014648437,-1.069976806640625,negative
2023-04-04,287.2300109863281,290.45001220703125,285.6700134277344,287.17999267578125,285.36895751953125,25824300,285.45399780273436,-0.050018310546875,negative
2023-04-05,285.8500061035156,287.1499938964844,282.9200134277344,284.3399963378906,282.5468444824219,22064800,286.2199951171875,-2.839996337890625,negative
2023-04-06,283.2099914550781,292.0799865722656,282.0299987792969,291.6000061035156,289.7611083984375,29770300,287.72999877929686,7.260009765625,high
2023-04-10,289.2099914550781,289.6000061035156,284.7099914550781,289.3900146484375,287.5650329589844,23103000,287.9480041503906,-2.209991455078125,negative
2023-04-11,285.75,285.9800109863281,281.6400146484375,282.8299865722656,281.04638671875,27276600,287.0679992675781,-6.560028076171875,negative
2023-04-12,284.7900085449219,287.010009765625,281.9599914550781,283.489990234375,281.7022399902344,27403400,286.3299987792969,0.660003662109375,low
2023-04-13,283.5899963378906,289.8999938964844,283.1700134277344,289.8399963378906,288.0121765136719,24222700,287.42999877929685,6.350006103515625,high
2023-04-14,287.0,288.4800109863281,283.69000244140625,286.1400146484375,284.3355407714844,20987900,286.33800048828124,-3.699981689453125,negative
2023-04-17,289.92999267578125,291.6000061035156,286.1600036621094,288.79998779296875,286.9787292480469,23836200,286.2199951171875,2.65997314453125,low
2023-04-18,291.57000732421875,291.760009765625,287.010009765625,288.3699951171875,286.55145263671875,20161800,287.3279968261719,-0.42999267578125,negative
2023-04-19,285.989990234375,289.04998779296875,284.5400085449219,288.45001220703125,286.6309814453125,17150300,288.32000122070315,0.08001708984375,low
2023-04-20,285.25,289.0299987792969,285.0799865722656,286.1099853515625,284.3056945800781,23244400,287.5739990234375,-2.34002685546875,negative
2023-04-21,285.010009765625,286.2699890136719,283.05999755859375,285.760009765625,283.9579162597656,21676400,287.497998046875,-0.3499755859375,negative
2023-04-24,282.0899963378906,284.95001220703125,278.7200012207031,281.7699890136719,279.9930419921875,26611000,286.0919982910156,-3.990020751953125,negative
2023-04-25,279.510009765625,281.6000061035156,275.3699951171875,275.4200134277344,273.6831359863281,45772200,283.502001953125,-6.3499755859375,negative
2023-04-26,296.70001220703125,299.57000732421875,292.7300109863281,295.3699951171875,293.5072937011719,64599200,284.88599853515626,19.949981689453125,high
2023-04-27,295.9700012207031,305.20001220703125,295.25,304.8299865722656,302.90765380859375,46462600,288.6299987792969,9.459991455078125,high
2023-04-28,304.010009765625,308.92999267578125,303.30999755859375,307.260009765625,305.32232666015625,36446700,292.92999877929685,2.430023193359375,low
2023-05-01,306.9700012207031,308.6000061035156,305.1499938964844,305.55999755859375,303.633056640625,21294100,297.68800048828126,-1.70001220703125,negative
2023-05-02,307.760009765625,309.17999267578125,303.9100036621094,305.4100036621094,303.4840087890625,26404400,303.6859985351563,-0.149993896484375,negative
2023-05-03,306.6199951171875,308.6099853515625,304.0899963378906,304.3999938964844,302.4803466796875,22360800,305.49199829101565,-1.010009765625,negative
2023-05-04,306.239990234375,307.760009765625,303.3999938964844,305.4100036621094,303.4840087890625,22519900,305.6080017089844,1.010009765625,low
2023-05-05,305.7200012207031,311.9700012207031,304.2699890136719,310.6499938964844,308.6909484863281,28181200,306.28599853515624,5.239990234375,high
2023-05-08,310.1300048828125,310.20001220703125,306.0899963378906,308.6499938964844,306.70355224609375,21318600,306.90399780273435,-2.0,negative
2023-05-09,308.0,310.0400085449219,306.30999755859375,307.0,305.0639343261719,21340800,307.2219970703125,-1.649993896484375,negative
2023-05-10,308.6199951171875,313.0,307.6700134277344,312.30999755859375,310.3404541015625,30078000,308.8039978027344,5.30999755859375,high
2023-05-11,310.1000061035156,311.1199951171875,306.260009765625,310.1099853515625,308.1543273925781,31680200,309.743994140625,-2.20001220703125,negative
2023-05-12,310.54998779296875,310.6499938964844,306.6000061035156,308.9700012207031,307.02154541015625,19758100,309.4079956054687,-1.139984130859375,negative
2023-05-15,309.1000061035156,309.8999938964844,307.5899963378906,309.4599914550781,307.5084228515625,16336500,309.5699951171875,0.489990234375,low
2023-05-16,309.8299865722656,313.7099914550781,309.8299865722656,311.739990234375,309.7740783691406,26730300,310.5179931640625,2.279998779296875,low
2023-05-17,312.2900085449219,314.42999267578125,310.739990234375,314.0,312.7019348144531,24315000,310.8559936523437,2.260009765625,low
2023-05-18,314.5299987792969,319.0400085449219,313.7200012207031,318.5199890136719,317.2032165527344,27276000,312.5379943847656,4.519989013671875,moderate
2023-05-19,316.739990234375,318.75,316.3699951171875,318.3399963378906,317.02398681640625,27529500,314.4119934082031,-0.17999267578125,negative
2023-05-22,318.6000061035156,322.5899963378906,318.010009765625,321.17999267578125,319.85223388671875,24115700,316.75599365234376,2.839996337890625,low
2023-05-23,320.0299987792969,322.7200012207031,315.25,315.260009765625,313.95672607421875,30797200,317.4599975585937,-5.91998291015625,negative
2023-05-24,314.7300109863281,316.5,312.6099853515625,313.8500061035156,312.55255126953125,23384900,317.42999877929685,-1.410003662109375,negative
2023-05-25,323.239990234375,326.8999938964844,320.0,325.9200134277344,324.5726623535156,43301700,318.9100036621094,12.07000732421875,high
2023-05-26,324.0199890136719,333.3999938964844,323.8800048828125,332.8900146484375,331.51385498046875,36630600,321.82000732421875,6.970001220703125,high
2023-05-30,335.2300109863281,335.739990234375,330.5199890136719,331.2099914550781,329.8407897949219,29503100,323.8260070800781,-1.680023193359375,negative
2023-05-31,332.2900085449219,335.94000244140625,327.3299865722656,328.3900146484375,327.0324401855469,45950600,326.45200805664064,-2.819976806640625,negative
2023-06-01,325.92999267578125,333.5299987792969,324.7200012207031,332.5799865722656,331.2051086425781,26773900,330.1980041503906,4.189971923828125,moderate
2023-06-02,334.25,337.5,332.54998779296875,335.3999938964844,334.013427734375,25864000,332.0940002441406,2.82000732421875,low
2023-06-05,335.2200012207031,338.55999755859375,334.6600036621094,335.94000244140625,334.5512390136719,21307100,332.70399780273436,0.540008544921875,low
2023-06-06,335.3299865722656,335.3699951171875,332.1700134277344,333.67999267578125,332.3005676269531,20396200,333.197998046875,-2.260009765625,negative
2023-06-07,331.6499938964844,334.489990234375,322.5,323.3800048828125,322.04315185546875,40717100,332.19599609375,-10.29998779296875,negative
2023-06-08,323.94000244140625,326.6400146484375,323.3500061035156,325.260009765625,323.9154052734375,23277700,330.73200073242185,1.8800048828125,low
2023-06-09,324.989990234375,329.989990234375,324.4100036621094,326.7900085449219,325.4390563964844,22514900,329.0100036621094,1.529998779296875,low
2023-06-12,328.5799865722656,332.1000061035156,325.1600036621094,331.8500061035156,330.4781188964844,24260300,328.19200439453124,5.05999755859375,high
2023-06-13,334.4700012207031,336.9800109863281,330.3900146484375,334.2900085449219,332.9080505371094,22951300,328.3140075683594,2.44000244140625,low
2023-06-14,334.3399963378906,339.0400085449219,332.80999755859375,337.3399963378906,335.9454345703125,26003800,331.106005859375,3.04998779296875,moderate
2023-06-15,337.4800109863281,349.8399963378906,337.20001220703125,348.1000061035156,346.6609802246094,38899100,335.67400512695315,10.760009765625,high
2023-06-16,351.32000732421875,351.4700012207031,341.95001220703125,342.3299865722656,340.914794921875,46533600,338.78200073242186,-5.77001953125,negative
2023-06-20,339.30999755859375,342.0799865722656,335.8599853515625,338.04998779296875,336.6524963378906,26375400,340.0219970703125,-4.279998779296875,negative
2023-06-21,336.3699951171875,337.7300109863281,332.07000732421875,333.55999755859375,332.1810607910156,25117800,339.87599487304686,-4.489990234375,negative
2023-06-22,334.1199951171875,340.1199951171875,333.3399963378906,339.7099914550781,338.30560302734375,23556800,340.34999389648436,6.149993896484375,high
2023-06-23,334.3599853515625,337.9599914550781,333.45001220703125,335.0199890136719,333.635009765625,23084700,337.73399047851564,-4.69000244140625,negative
2023-06-26,333.7200012207031,336.1099853515625,328.489990234375,328.6000061035156,327.2415771484375,21520600,334.9879943847656,-6.41998291015625,negative
2023-06-27,331.8599853515625,336.1499938964844,329.29998779296875,334.57000732421875,333.1868896484375,24354100,334.2919982910156,5.970001220703125,high
2023-06-28,334.6600036621094,337.9800109863281,333.80999755859375,335.8500061035156,334.46160888671875,20259500,334.75,1.279998779296875,low
2023-06-29,334.7099914550781,336.1099853515625,332.6199951171875,335.04998779296875,333.6648864746094,16997000,333.8179992675781,-0.800018310546875,negative
2023-06-30,337.75,342.7300109863281,337.20001220703125,340.5400085449219,339.1322021484375,26823800,334.9220031738281,5.490020751953125,high
2023-07-03,339.19000244140625,340.8999938964844,336.57000732421875,337.989990234375,336.5927429199219,12508700,336.8,-2.550018310546875,negative
2023-07-05,335.0899963378906,341.6499938964844,334.7300109863281,338.1499938964844,336.7520751953125,18172400,337.5159973144531,0.160003662109375,low
2023-07-06,337.29998779296875,342.989990234375,335.5,341.2699890136719,339.85919189453125,28161200,338.59999389648436,3.1199951171875,moderate
2023-07-07,339.32000732421875,341.7900085449219,337.0,337.2200012207031,335.825927734375,21185300,339.03399658203125,-4.04998779296875,negative
2023-07-10,334.6000061035156,335.2300109863281,327.5899963378906,331.8299865722656,330.45819091796875,32791400,337.2919921875,-5.3900146484375,negative
2023-07-11,331.05999755859375,332.8599853515625,327.0,332.4700012207031,331.0955810546875,26698200,336.1879943847656,0.6400146484375,low
2023-07-12,336.6000061035156,341.6499938964844,335.6700134277344,337.20001220703125,335.8060302734375,29995300,335.997998046875,4.730010986328125,moderate
2023-07-13,339.55999755859375,343.739990234375,339.0199890136719,342.6600036621094,341.24346923828125,20567200,336.2760009765625,5.459991455078125,high
2023-07-14,347.5899963378906,351.42999267578125,344.30999755859375,345.239990234375,343.812744140625,28302200,337.8799987792969,2.579986572265625,low
2023-07-17,345.67999267578125,346.989990234375,342.20001220703125,345.7300109863281,344.3007507324219,20363900,340.6600036621094,0.490020751953125,low
2023-07-18,345.8299865722656,366.7799987792969,342.1700134277344,359.489990234375,358.0038757324219,64872700,346.0640014648437,13.759979248046875,high
2023-07-19,361.75,362.4599914550781,352.44000244140625,355.0799865722656,353.612060546875,39732900,349.63999633789064,-4.410003662109375,negative
2023-07-20,353.57000732421875,357.9700012207031,345.3699951171875,346.8699951171875,345.43603515625,33778400,350.48199462890625,-8.209991455078125,negative
2023-07-21,349.1499938964844,350.29998779296875,339.8299865722656,343.7699890136719,342.3488464355469,69368900,350.1879943847656,-3.100006103515625,negative
2023-07-24,345.8500061035156,346.9200134277344,342.30999755859375,345.1099853515625,343.68328857421875,26678100,350.0639892578125,1.339996337890625,low
2023-07-25,347.1099853515625,351.8900146484375,345.07000732421875,350.9800109863281,349.529052734375,41637700,348.36199340820315,5.870025634765625,high
2023-07-26,341.44000244140625,344.6700134277344,333.1099853515625,337.7699890136719,336.3736267089844,58383700,344.8999938964844,-13.21002197265625,negative
2023-07-27,340.4800109863281,341.3299865722656,329.04998779296875,330.7200012207031,329.352783203125,39635300,341.6699951171875,-7.04998779296875,negative
2023-07-28,333.6700134277344,340.010009765625,333.1700134277344,338.3699951171875,336.9711608886719,28484900,340.5899963378906,7.649993896484375,high
2023-07-31,336.9200134277344,337.70001220703125,333.3599853515625,335.9200134277344,334.53131103515625,25446000,338.752001953125,-2.449981689453125,negative
2023-08-01,335.19000244140625,338.5400085449219,333.70001220703125,336.3399963378906,334.9495544433594,18311900,335.8239990234375,0.41998291015625,low
2023-08-02,333.6300048828125,333.6300048828125,326.3599853515625,327.5,326.1461181640625,27761300,333.77000122070314,-8.839996337890625,negative
2023-08-03,326.0,329.8800048828125,325.95001220703125,326.6600036621094,325.3096008300781,18253700,332.9580017089844,-0.839996337890625,negative
2023-08-04,331.8800048828125,335.1400146484375,327.239990234375,327.7799987792969,326.4249572753906,23727700,330.8400024414062,1.1199951171875,low
2023-08-07,328.3699951171875,331.1099853515625,327.5199890136719,330.1099853515625,328.7453308105469,17741500,329.67799682617186,2.329986572265625,low
2023-08-08,326.9599914550781,328.75,323.0,326.04998779296875,324.70208740234375,22327600,327.6199951171875,-4.05999755859375,negative
2023-08-09,326.4700012207031,327.1099853515625,321.04998779296875,322.2300109863281,320.8979187011719,22373300,326.5659973144531,-3.819976806640625,negative
2023-08-10,326.0199890136719,328.260009765625,321.17999267578125,322.92999267578125,321.5950012207031,20113700,325.8199951171875,0.699981689453125,low
2023-08-11,320.260009765625,322.4100036621094,319.2099914550781,321.010009765625,319.6829528808594,24342600,324.46599731445315,-1.91998291015625,negative
2023-08-14,321.3900146484375,324.05999755859375,320.0799865722656,324.0400085449219,322.7004089355469,18836100,323.252001953125,3.029998779296875,moderate
2023-08-15,323.0,325.0899963378906,320.8999938964844,321.8599853515625,320.5294189453125,16966300,322.41400146484375,-2.180023193359375,negative
2023-08-16,320.79998779296875,324.4200134277344,319.79998779296875,320.3999938964844,319.7510070800781,20698900,322.047998046875,-1.459991455078125,negative
2023-08-17,320.5400085449219,321.8699951171875,316.2099914550781,316.8800048828125,316.2381591796875,21257200,320.83800048828124,-3.519989013671875,negative
2023-08-18,314.489990234375,318.3800048828125,311.54998779296875,316.4800109863281,315.8389587402344,24744800,319.9320007324219,-0.399993896484375,negative
2023-08-21,317.92999267578125,322.7699890136719,317.0400085449219,321.8800048828125,321.22802734375,24040000,319.5,5.399993896484375,high
2023-08-22,325.5,326.0799865722656,321.4599914550781,322.4599914550781,321.80682373046875,16102000,319.6200012207031,0.579986572265625,low
2023-08-23,323.82000732421875,329.20001220703125,323.4599914550781,327.0,326.337646484375,21166400,320.94000244140625,4.540008544921875,moderate
2023-08-24,332.8500061035156,332.9800109863281,319.9599914550781,319.9700012207031,319.3218994140625,23281400,321.55800170898436,-7.029998779296875,negative
2023-08-25,321.4700012207031,325.3599853515625,318.79998779296875,322.9800109863281,322.3258056640625,21684100,322.8580017089844,3.010009765625,moderate
2023-08-28,325.6600036621094,326.1499938964844,321.7200012207031,323.70001220703125,323.0443420410156,14808500,323.2220031738281,0.720001220703125,low
2023-08-29,321.8800048828125,328.9800109863281,321.8800048828125,328.4100036621094,327.7447814941406,19284600,324.41200561523436,4.709991455078125,moderate
2023-08-30,328.6700134277344,329.80999755859375,326.45001220703125,328.7900085449219,328.1240234375,15222100,324.77000732421874,0.3800048828125,low
2023-08-31,329.20001220703125,330.9100036621094,326.7799987792969,327.760009765625,327.09613037109375,26411000,326.3280090332031,-1.029998779296875,negative
2023-09-01,331.30999755859375,331.989990234375,326.7799987792969,328.6600036621094,327.9942932128906,14931200,327.46400756835936,0.899993896484375,low
2023-09-05,329.0,334.8500061035156,328.6600036621094,333.54998779296875,332.8743591308594,18553900,329.4340026855469,4.889984130859375,moderate
2023-09-06,333.3800048828125,334.4599914550781,330.17999267578125,332.8800048828125,332.20574951171875,17535800,330.3280029296875,-0.66998291015625,negative
2023-09-07,331.2900085449219,333.0799865722656,329.0299987792969,329.9100036621094,329.24176025390625,18381000,330.552001953125,-2.970001220703125,negative
2023-09-08,330.0899963378906,336.1600036621094,329.4599914550781,334.2699890136719,333.5928955078125,19530100,331.8539978027344,4.3599853515625,moderate
2023-09-11,337.239990234375,338.4200134277344,335.42999267578125,337.94000244140625,337.2554931640625,16583300,333.7099975585937,3.670013427734375,moderate
2023-09-12,335.82000732421875,336.7900085449219,331.4800109863281,331.7699890136719,331.09796142578125,17565500,333.3539978027344,-6.170013427734375,negative
2023-09-13,331.30999755859375,336.8500061035156,331.1700134277344,336.05999755859375,335.3793029785156,16544400,333.9899963378906,4.290008544921875,moderate
2023-09-14,339.1499938964844,340.8599853515625,336.57000732421875,338.70001220703125,338.0139465332031,20267000,335.747998046875,2.6400146484375,low
2023-09-15,336.9200134277344,337.3999938964844,329.6499938964844,330.2200012207031,329.5511169433594,37666900,334.93800048828126,-8.480010986328125,negative
2023-09-18,327.79998779296875,330.3999938964844,326.3599853515625,329.05999755859375,328.3934631347656,16834200,333.16199951171876,-1.160003662109375,negative
2023-09-19,326.1700134277344,329.3900146484375,324.510009765625,328.6499938964844,327.9842834472656,16505900,332.5380004882812,-0.410003662109375,negative
2023-09-20,329.510009765625,329.5899963378906,320.510009765625,320.7699890136719,320.1202697753906,21436500,329.47999877929686,-7.8800048828125,negative
2023-09-21,319.260009765625,325.3500061035156,315.0,319.5299987792969,318.8827819824219,35529500,325.64599609375,-1.239990234375,negative
2023-09-22,321.32000732421875,321.45001220703125,316.1499938964844,317.010009765625,316.3678894042969,21447900,323.0039978027344,-2.519989013671875,negative
2023-09-25,316.5899963378906,317.6700134277344,315.0,317.5400085449219,316.8968200683594,17836000,320.7,0.529998779296875,low
2023-09-26,315.1300048828125,315.8800048828125,310.0199890136719,312.1400146484375,311.50775146484375,26297600,317.39800415039065,-5.399993896484375,negative
2023-09-27,312.29998779296875,314.29998779296875,309.69000244140625,312.7900085449219,312.15643310546875,19410100,315.8020080566406,0.649993896484375,low
2023-09-28,310.989990234375,315.4800109863281,309.45001220703125,313.6400146484375,313.0047302246094,19683600,314.62401123046874,0.850006103515625,low
2023-09-29,317.75,319.4700012207031,314.9800109863281,315.75,315.1104431152344,24140300,314.37200927734375,2.1099853515625,low
2023-10-02,316.2799987792969,321.8900146484375,315.17999267578125,321.79998779296875,321.1481628417969,20570000,315.2240051269531,6.04998779296875,high
2023-10-03,320.8299865722656,321.3900146484375,311.2099914550781,313.3900146484375,312.7552185058594,21033500,315.4740051269531,-8.40997314453125,negative
2023-10-04,314.0299987792969,320.0400085449219,314.0,318.9599914550781,318.3139343261719,20720100,316.7080017089844,5.569976806640625,high
2023-10-05,319.0899963378906,319.9800109863281,314.8999938964844,319.3599853515625,318.7131042480469,16965600,317.85199584960935,0.399993896484375,low
2023-10-06,316.54998779296875,329.19000244140625,316.29998779296875,327.260009765625,326.5971374511719,25645500,320.15399780273435,7.9000244140625,high
2023-10-09,324.75,330.29998779296875,323.17999267578125,329.82000732421875,329.1519470214844,19891200,321.75800170898435,2.55999755859375,low
2023-10-10,330.9599914550781,331.1000061035156,327.6700134277344,328.3900146484375,327.724853515625,20557100,324.75800170898435,-1.42999267578125,negative
2023-10-11,331.2099914550781,332.82000732421875,329.1400146484375,332.4200134277344,331.7466735839844,20063200,327.45000610351565,4.029998779296875,moderate
2023-10-12,330.57000732421875,333.6300048828125,328.7200012207031,331.1600036621094,330.4892272949219,19313100,329.810009765625,-1.260009765625,negative
2023-10-13,332.3800048828125,333.8299865722656,326.3599853515625,327.7300109863281,327.0661926269531,21072400,329.9040100097656,-3.42999267578125,negative
2023-10-16,331.04998779296875,336.1400146484375,330.6000061035156,332.6400146484375,331.96624755859375,22158000,330.4680114746094,4.910003662109375,moderate
2023-10-17,329.5899963378906,333.4599914550781,327.4100036621094,332.05999755859375,331.38739013671875,18338500,331.20200805664064,-0.58001708984375,negative
2023-10-18,332.489990234375,335.5899963378906,328.29998779296875,330.1099853515625,329.44134521484375,23153600,330.74000244140626,-1.95001220703125,negative
2023-10-19,332.1499938964844,336.8800048828125,330.9100036621094,331.32000732421875,330.6488952636719,25052100,330.7720031738281,1.21002197265625,low
2023-10-20,331.7200012207031,331.9200134277344,325.45001220703125,326.6700134277344,326.0083312988281,25012600,330.56000366210935,-4.649993896484375,negative
2023-10-23,325.4700012207031,332.7300109863281,324.3900146484375,329.32000732421875,328.6529541015625,24374700,329.8960021972656,2.649993896484375,low
2023-10-24,331.29998779296875,331.8399963378906,327.6000061035156,330.5299987792969,329.8605041503906,31153600,329.5900024414062,1.209991455078125,low
2023-10-25,345.0199890136719,346.20001220703125,337.6199951171875,340.6700134277344,339.97998046875,55053800,331.70200805664064,10.1400146484375,high
2023-10-26,340.5400085449219,341.6300048828125,326.94000244140625,327.8900146484375,327.2258605957031,37828500,331.01600952148436,-12.779998779296875,negative
2023-10-27,330.42999267578125,336.7200012207031,328.3999938964844,329.80999755859375,329.1419677734375,29856500,331.6440063476563,1.91998291015625,low
2023-10-30,333.4100036621094,339.45001220703125,331.8299865722656,337.30999755859375,336.62677001953125,22828100,333.24200439453125,7.5,high
2023-10-31,338.8500061035156,339.0,334.69000244140625,338.1099853515625,337.4251403808594,20265300,334.75800170898435,0.79998779296875,low
2023-11-01,339.7900085449219,347.4200134277344,339.6499938964844,346.07000732421875,345.3690185546875,28158800,335.83800048828124,7.96002197265625,high
2023-11-02,347.239990234375,348.8299865722656,344.7699890136719,348.32000732421875,347.6144714355469,24348100,339.9239990234375,2.25,low
2023-11-03,349.6300048828125,354.3900146484375,347.3299865722656,352.79998779296875,352.08538818359375,23624000,344.5219970703125,4.47998046875,moderate
2023-11-06,353.45001220703125,357.5400085449219,353.3500061035156,356.5299987792969,355.8078308105469,23828300,348.3659973144531,3.730010986328125,moderate
2023-11-07,359.3999938964844,362.4599914550781,357.6300048828125,360.5299987792969,359.79974365234375,25833900,352.85,4.0,moderate
2023-11-08,361.67999267578125,363.8699951171875,360.54998779296875,363.20001220703125,362.4643249511719,26767800,356.2760009765625,2.670013427734375,low
2023-11-09,362.29998779296875,364.7900085449219,360.3599853515625,360.69000244140625,359.95941162109375,24847300,358.75,-2.510009765625,negative
2023-11-10,361.489990234375,370.1000061035156,361.07000732421875,369.6700134277344,368.9212341308594,28042100,362.12400512695314,8.980010986328125,high
2023-11-13,368.2200012207031,368.4700012207031,365.8999938964844,366.67999267578125,365.937255859375,19986500,364.15400390625,-2.990020751953125,negative
2023-11-14,371.010009765625,371.95001220703125,367.3500061035156,370.2699890136719,369.5199890136719,27683900,366.102001953125,3.589996337890625,moderate
2023-11-15,371.2799987792969,373.1300048828125,367.1099853515625,369.6700134277344,369.6700134277344,26860100,367.3960021972656,-0.5999755859375,negative
2023-11-16,370.9599914550781,376.3500061035156,370.17999267578125,376.1700134277344,376.1700134277344,27182300,370.49200439453125,6.5,high
2023-11-17,373.6099853515625,374.3699951171875,367.0,369.8500061035156,369.8500061035156,40157000,370.5280029296875,-6.32000732421875,negative
2023-11-20,371.2200012207031,378.8699951171875,371.0,377.44000244140625,377.44000244140625,52465100,372.6800048828125,7.589996337890625,high
2023-11-21,375.6700134277344,376.2200012207031,371.1199951171875,373.07000732421875,373.07000732421875,28423100,373.24000854492186,-4.3699951171875,negative
2023-11-22,378.0,379.7900085449219,374.9700012207031,377.8500061035156,377.8500061035156,23345300,374.8760070800781,4.779998779296875,moderate
2023-11-24,377.3299865722656,377.9700012207031,375.1400146484375,377.42999267578125,377.42999267578125,10176600,375.1280029296875,-0.420013427734375,negative
2023-11-27,376.7799987792969,380.6400146484375,376.20001220703125,378.6099853515625,378.6099853515625,22179200,376.8799987792969,1.17999267578125,low
2023-11-28,378.3500061035156,383.0,378.1600036621094,382.70001220703125,382.70001220703125,20453100,377.9320007324219,4.09002685546875,moderate
2023-11-29,383.760009765625,384.29998779296875,377.44000244140625,378.8500061035156,378.8500061035156,28963400,379.08800048828124,-3.850006103515625,negative
2023-11-30,378.489990234375,380.0899963378906,375.4700012207031,378.9100036621094,378.9100036621094,30554400,379.3,0.05999755859375,low
2023-12-01,376.760009765625,378.1600036621094,371.30999755859375,374.510009765625,374.510009765625,33020400,378.71600341796875,-4.399993896484375,negative
2023-12-04,369.1000061035156,369.5199890136719,362.8999938964844,369.1400146484375,369.1400146484375,32063300,376.82200927734374,-5.3699951171875,negative
2023-12-05,366.45001220703125,373.0799865722656,365.6199951171875,372.5199890136719,372.5199890136719,23065000,374.7860046386719,3.379974365234375,moderate
2023-12-06,373.5400085449219,374.17999267578125,368.0299987792969,368.79998779296875,368.79998779296875,21182100,372.7760009765625,-3.720001220703125,negative
2023-12-07,368.2300109863281,371.45001220703125,366.32000732421875,370.95001220703125,370.95001220703125,23118900,371.1840026855469,2.1500244140625,low
2023-12-08,369.20001220703125,374.4599914550781,368.2300109863281,374.2300109863281,374.2300109863281,20144800,371.1280029296875,3.279998779296875,moderate
2023-12-11,368.4800109863281,371.6000061035156,366.1000061035156,371.29998779296875,371.29998779296875,27708800,371.55999755859375,-2.930023193359375,negative
2023-12-12,370.8500061035156,374.4200134277344,370.4599914550781,374.3800048828125,374.3800048828125,24838300,371.9320007324219,3.08001708984375,moderate
2023-12-13,376.0199890136719,377.6400146484375,370.7699890136719,374.3699951171875,374.3699951171875,30955500,373.04600219726564,-0.010009765625,negative
2023-12-14,373.30999755859375,373.760009765625,364.1300048828125,365.92999267578125,365.92999267578125,43277500,372.0419982910156,-8.44000244140625,negative
2023-12-15,366.8500061035156,372.3999938964844,366.2799987792969,370.7300109863281,370.7300109863281,78478200,371.3419982910156,4.800018310546875,moderate
2023-12-18,369.45001220703125,373.0,368.67999267578125,372.6499938964844,372.6499938964844,21802900,371.61199951171875,1.91998291015625,low
2023-12-19,371.489990234375,373.260009765625,369.8399963378906,373.260009765625,373.260009765625,20603700,371.38800048828125,0.610015869140625,low
2023-12-20,375.0,376.0299987792969,370.5299987792969,370.6199951171875,370.6199951171875,26316700,370.63800048828125,-2.6400146484375,negative
2023-12-21,372.55999755859375,374.4100036621094,370.0400085449219,373.5400085449219,373.5400085449219,17708000,372.1600036621094,2.920013427734375,low
2023-12-22,373.67999267578125,375.17999267578125,372.7099914550781,374.5799865722656,374.5799865722656,17091100,372.92999877929685,1.03997802734375,low
2023-12-26,375.0,376.94000244140625,373.5,374.6600036621094,374.6600036621094,12673100,373.3320007324219,0.08001708984375,low
2023-12-27,373.69000244140625,375.05999755859375,372.80999755859375,374.07000732421875,374.07000732421875,14905400,373.49400024414064,-0.589996337890625,negative
2023-12-28,375.3699951171875,376.4599914550781,374.1600036621094,375.2799987792969,375.2799987792969,14327000,374.4260009765625,1.209991455078125,low
2023-12-29,376.0,377.1600036621094,373.4800109863281,376.0400085449219,376.0400085449219,18723000,374.9260009765625,0.760009765625,low
2024-01-02,373.8599853515625,375.8999938964844,366.7699890136719,370.8699951171875,370.8699951171875,25258600,374.1840026855469,-5.170013427734375,negative
2024-01-03,369.010009765625,373.260009765625,368.510009765625,370.6000061035156,370.6000061035156,23083500,373.37200317382815,-0.269989013671875,negative
2024-01-04,370.6700134277344,373.1000061035156,367.1700134277344,367.94000244140625,367.94000244140625,20901500,372.1460021972656,-2.660003662109375,negative
2024-01-05,368.9700012207031,372.05999755859375,366.5,367.75,367.75,20987000,370.64000244140624,-0.19000244140625,negative
2024-01-08,369.29998779296875,375.20001220703125,369.010009765625,374.69000244140625,374.69000244140625,23134000,370.3700012207031,6.94000244140625,high
2024-01-09,372.010009765625,375.989990234375,371.19000244140625,375.7900085449219,375.7900085449219,20830000,371.35400390625,1.100006103515625,low
2024-01-10,376.3699951171875,384.1700134277344,376.32000732421875,382.7699890136719,382.7699890136719,25514200,373.7880004882812,6.97998046875,high
2024-01-11,386.0,390.67999267578125,380.3800048828125,384.6300048828125,384.6300048828125,27850800,377.1260009765625,1.860015869140625,low
